system	model	n_chains	iptm	ptm	min_ova_plddt	ranking_score	has_clash	contact_edges	largest_component	full_connected	total_contacts	min_incident_iptm	contact_pair_iptm_median	contact_pair_pae_median	contacts_json	interface_residues_json	summary_path	cif_path
wt_dimer_msa	seed-1_sample-0	2	0.13	0.52	87.32608810978232	0.21	0.0	1	2	1	42	0.13	0.13	26.7	"{""A-B"": 42}"	[141, 144, 145, 148, 149, 151, 152, 155, 156, 159, 194, 196, 207, 208, 209, 210, 285, 287, 334, 336]	experiments/e01d_dimer_msa/out_s0/wt_dimer_msa/seed-1_sample-0/wt_dimer_msa_seed-1_sample-0_summary_confidences.json	experiments/e01d_dimer_msa/out_s0/wt_dimer_msa/seed-1_sample-0/wt_dimer_msa_seed-1_sample-0_model.cif
wt_dimer_msa	seed-1_sample-1	2	0.12	0.52	86.69870448730153	0.2	0.0	1	2	1	61	0.12	0.12	26.61	"{""A-B"": 61}"	[94, 96, 99, 101, 147, 148, 151, 152, 153, 154, 155, 156, 157, 159, 160, 180, 182, 191, 192, 194, 195, 196, 207, 208, 209, 210]	experiments/e01d_dimer_msa/out_s0/wt_dimer_msa/seed-1_sample-1/wt_dimer_msa_seed-1_sample-1_summary_confidences.json	experiments/e01d_dimer_msa/out_s0/wt_dimer_msa/seed-1_sample-1/wt_dimer_msa_seed-1_sample-1_model.cif
wt_dimer_msa	seed-1_sample-2	2	0.14	0.53	87.19147677248624	0.22	0.0	1	2	1	85	0.14	0.14	25.61	"{""A-B"": 85}"	[96, 97, 98, 99, 101, 138, 140, 141, 144, 145, 147, 148, 149, 151, 152, 153, 155, 156, 157, 180, 182, 183, 184, 188, 190, 191, 334, 337, 338, 339, 340, 342, 344]	experiments/e01d_dimer_msa/out_s0/wt_dimer_msa/seed-1_sample-2/wt_dimer_msa_seed-1_sample-2_summary_confidences.json	experiments/e01d_dimer_msa/out_s0/wt_dimer_msa/seed-1_sample-2/wt_dimer_msa_seed-1_sample-2_model.cif
wt_dimer_msa	seed-1_sample-3	2	0.11	0.52	87.24183945334637	0.19	0.0	1	2	1	44	0.11	0.11	26.82	"{""A-B"": 44}"	[21, 22, 23, 24, 25, 26, 156, 157, 159, 160, 164, 201, 202, 204, 205, 206, 207, 208, 254, 384, 385]	experiments/e01d_dimer_msa/out_s0/wt_dimer_msa/seed-1_sample-3/wt_dimer_msa_seed-1_sample-3_summary_confidences.json	experiments/e01d_dimer_msa/out_s0/wt_dimer_msa/seed-1_sample-3/wt_dimer_msa_seed-1_sample-3_model.cif
wt_dimer_msa	seed-1_sample-4	2	0.12	0.52	87.02199457593532	0.2	0.0	1	2	1	39	0.12	0.12	27.06	"{""A-B"": 39}"	[21, 22, 49, 53, 170, 299, 300, 301, 302, 304, 305, 307, 308, 309, 310]	experiments/e01d_dimer_msa/out_s0/wt_dimer_msa/seed-1_sample-4/wt_dimer_msa_seed-1_sample-4_summary_confidences.json	experiments/e01d_dimer_msa/out_s0/wt_dimer_msa/seed-1_sample-4/wt_dimer_msa_seed-1_sample-4_model.cif
wt_dimer_msa	seed-2_sample-0	2	0.13	0.53	87.37176161850054	0.21	0.0	1	2	1	44	0.13	0.13	25.85	"{""A-B"": 44}"	[141, 144, 145, 148, 149, 151, 152, 155, 156, 159, 194, 196, 207, 208, 209, 210, 285, 287, 334, 336]	experiments/e01d_dimer_msa/out_s0/wt_dimer_msa/seed-2_sample-0/wt_dimer_msa_seed-2_sample-0_summary_confidences.json	experiments/e01d_dimer_msa/out_s0/wt_dimer_msa/seed-2_sample-0/wt_dimer_msa_seed-2_sample-0_model.cif
wt_dimer_msa	seed-2_sample-1	2	0.13	0.53	87.28961142110083	0.21	0.0	1	2	1	45	0.13	0.13	25.49	"{""A-B"": 45}"	[141, 144, 145, 148, 149, 151, 152, 155, 156, 159, 194, 196, 207, 208, 209, 210, 285, 287, 334, 336]	experiments/e01d_dimer_msa/out_s0/wt_dimer_msa/seed-2_sample-1/wt_dimer_msa_seed-2_sample-1_summary_confidences.json	experiments/e01d_dimer_msa/out_s0/wt_dimer_msa/seed-2_sample-1/wt_dimer_msa_seed-2_sample-1_model.cif
wt_dimer_msa	seed-2_sample-2	2	0.11	0.51	86.70266831353538	0.19	0.0	1	2	1	59	0.11	0.11	27.7	"{""A-B"": 59}"	[92, 93, 94, 96, 97, 99, 100, 101, 123, 127, 128, 148, 152, 153, 154, 155, 156, 157, 180, 182, 184, 188, 191, 334, 336, 338, 340, 341, 342, 344, 345, 346]	experiments/e01d_dimer_msa/out_s0/wt_dimer_msa/seed-2_sample-2/wt_dimer_msa_seed-2_sample-2_summary_confidences.json	experiments/e01d_dimer_msa/out_s0/wt_dimer_msa/seed-2_sample-2/wt_dimer_msa_seed-2_sample-2_model.cif
wt_dimer_msa	seed-2_sample-3	2	0.12	0.52	86.89207259855122	0.2	0.0	1	2	1	117	0.12	0.12	26.24	"{""A-B"": 117}"	[92, 94, 95, 96, 97, 98, 99, 101, 102, 105, 127, 128, 129, 131, 133, 134, 137, 138, 141, 142, 144, 145, 148, 149, 151, 152, 153, 154, 155, 156, 157, 180, 182, 183, 184, 188, 190, 191, 334, 336, 337, 338, 339, 340, 342, 343, 344, 345, 346]	experiments/e01d_dimer_msa/out_s0/wt_dimer_msa/seed-2_sample-3/wt_dimer_msa_seed-2_sample-3_summary_confidences.json	experiments/e01d_dimer_msa/out_s0/wt_dimer_msa/seed-2_sample-3/wt_dimer_msa_seed-2_sample-3_model.cif
wt_dimer_msa	seed-2_sample-4	2	0.13	0.53	87.32272022622854	0.21	0.0	1	2	1	36	0.13	0.13	25.83	"{""A-B"": 36}"	[141, 144, 145, 148, 149, 151, 152, 155, 156, 194, 196, 207, 208, 209, 210, 285, 287, 336]	experiments/e01d_dimer_msa/out_s0/wt_dimer_msa/seed-2_sample-4/wt_dimer_msa_seed-2_sample-4_summary_confidences.json	experiments/e01d_dimer_msa/out_s0/wt_dimer_msa/seed-2_sample-4/wt_dimer_msa_seed-2_sample-4_model.cif
wt_dimer_msa	seed-3_sample-0	2	0.14	0.53	87.05658020256715	0.22	0.0	1	2	1	43	0.14	0.14	25.58	"{""A-B"": 43}"	[21, 22, 49, 53, 165, 168, 169, 170, 299, 300, 301, 302, 303, 304, 305, 307, 308, 309, 310]	experiments/e01d_dimer_msa/out_s0/wt_dimer_msa/seed-3_sample-0/wt_dimer_msa_seed-3_sample-0_summary_confidences.json	experiments/e01d_dimer_msa/out_s0/wt_dimer_msa/seed-3_sample-0/wt_dimer_msa_seed-3_sample-0_model.cif
wt_dimer_msa	seed-3_sample-1	2	0.11	0.52	87.05088074837325	0.19	0.0	1	2	1	40	0.11	0.11	27.15	"{""A-B"": 40}"	[25, 26, 152, 155, 156, 157, 159, 160, 182, 191, 192, 194, 196, 201, 205, 206, 207, 208, 210, 287, 336, 338, 385]	experiments/e01d_dimer_msa/out_s0/wt_dimer_msa/seed-3_sample-1/wt_dimer_msa_seed-3_sample-1_summary_confidences.json	experiments/e01d_dimer_msa/out_s0/wt_dimer_msa/seed-3_sample-1/wt_dimer_msa_seed-3_sample-1_model.cif
wt_dimer_msa	seed-3_sample-2	2	0.11	0.51	86.41777205590758	0.19	0.0	1	2	1	58	0.11	0.11	27.13	"{""A-B"": 58}"	[96, 97, 98, 99, 144, 145, 148, 149, 151, 152, 155, 156, 157, 182, 183, 184, 195, 196, 197, 198, 201, 205, 206, 207, 208, 209, 210, 285, 286, 287, 289, 332, 334, 336, 338, 339, 340]	experiments/e01d_dimer_msa/out_s0/wt_dimer_msa/seed-3_sample-2/wt_dimer_msa_seed-3_sample-2_summary_confidences.json	experiments/e01d_dimer_msa/out_s0/wt_dimer_msa/seed-3_sample-2/wt_dimer_msa_seed-3_sample-2_model.cif
wt_dimer_msa	seed-3_sample-3	2	0.14	0.53	87.06730584653548	0.22	0.0	1	2	1	39	0.14	0.14	25.8	"{""A-B"": 39}"	[21, 49, 53, 170, 299, 300, 301, 302, 304, 305, 307, 308, 309, 310]	experiments/e01d_dimer_msa/out_s0/wt_dimer_msa/seed-3_sample-3/wt_dimer_msa_seed-3_sample-3_summary_confidences.json	experiments/e01d_dimer_msa/out_s0/wt_dimer_msa/seed-3_sample-3/wt_dimer_msa_seed-3_sample-3_model.cif
wt_dimer_msa	seed-3_sample-4	2	0.14	0.53	86.92784984371205	0.22	0.0	1	2	1	83	0.14	0.14	26.0	"{""A-B"": 83}"	[96, 97, 98, 99, 101, 138, 140, 141, 144, 145, 147, 148, 149, 151, 152, 153, 155, 156, 157, 159, 160, 180, 182, 183, 184, 188, 190, 191, 334, 338, 339, 340, 342, 344]	experiments/e01d_dimer_msa/out_s0/wt_dimer_msa/seed-3_sample-4/wt_dimer_msa_seed-3_sample-4_summary_confidences.json	experiments/e01d_dimer_msa/out_s0/wt_dimer_msa/seed-3_sample-4/wt_dimer_msa_seed-3_sample-4_model.cif
wt_dimer_msa	seed-4_sample-0	2	0.13	0.52	86.98608821414295	0.21	0.0	1	2	1	41	0.13	0.13	26.68	"{""A-B"": 41}"	[21, 49, 53, 168, 170, 299, 300, 301, 302, 304, 305, 307, 308, 309, 310]	experiments/e01d_dimer_msa/out_s0/wt_dimer_msa/seed-4_sample-0/wt_dimer_msa_seed-4_sample-0_summary_confidences.json	experiments/e01d_dimer_msa/out_s0/wt_dimer_msa/seed-4_sample-0/wt_dimer_msa_seed-4_sample-0_model.cif
wt_dimer_msa	seed-4_sample-1	2	0.13	0.53	87.13886013920443	0.21	0.0	1	2	1	98	0.13	0.13	25.12	"{""A-B"": 98}"	[94, 95, 96, 97, 98, 99, 101, 131, 138, 140, 141, 144, 145, 147, 148, 149, 151, 152, 153, 154, 155, 156, 157, 164, 180, 182, 183, 184, 188, 191, 338, 339, 340, 341, 342]	experiments/e01d_dimer_msa/out_s0/wt_dimer_msa/seed-4_sample-1/wt_dimer_msa_seed-4_sample-1_summary_confidences.json	experiments/e01d_dimer_msa/out_s0/wt_dimer_msa/seed-4_sample-1/wt_dimer_msa_seed-4_sample-1_model.cif
wt_dimer_msa	seed-4_sample-2	2	0.13	0.52	87.06761654670991	0.21	0.0	1	2	1	123	0.13	0.13	25.94	"{""A-B"": 123}"	[92, 94, 96, 97, 98, 99, 101, 105, 127, 128, 129, 131, 133, 134, 137, 138, 141, 142, 144, 145, 147, 148, 149, 151, 152, 153, 154, 155, 156, 157, 180, 182, 183, 184, 188, 190, 191, 334, 336, 337, 338, 339, 340, 342, 344, 345]	experiments/e01d_dimer_msa/out_s0/wt_dimer_msa/seed-4_sample-2/wt_dimer_msa_seed-4_sample-2_summary_confidences.json	experiments/e01d_dimer_msa/out_s0/wt_dimer_msa/seed-4_sample-2/wt_dimer_msa_seed-4_sample-2_model.cif
wt_dimer_msa	seed-4_sample-3	2	0.1	0.51	86.31538853620619	0.18	0.0	1	2	1	120	0.1	0.1	28.85	"{""A-B"": 120}"	[1, 2, 3, 4, 5, 6, 63, 64, 65, 68, 75, 76, 77, 78, 79, 82, 83, 85, 86, 89, 90, 124, 216, 217, 219, 234, 238, 239, 241, 266, 270, 271, 272, 274, 275, 276, 277, 278, 342, 343, 344, 345, 346, 347, 349, 350, 351, 354, 372, 373, 374, 375]	experiments/e01d_dimer_msa/out_s0/wt_dimer_msa/seed-4_sample-3/wt_dimer_msa_seed-4_sample-3_summary_confidences.json	experiments/e01d_dimer_msa/out_s0/wt_dimer_msa/seed-4_sample-3/wt_dimer_msa_seed-4_sample-3_model.cif
wt_dimer_msa	seed-4_sample-4	2	0.13	0.53	86.7545336589912	0.21	0.0	1	2	1	86	0.13	0.13	25.31	"{""A-B"": 86}"	[96, 97, 98, 99, 101, 131, 138, 140, 141, 144, 145, 147, 148, 149, 151, 152, 153, 154, 155, 156, 157, 180, 182, 183, 184, 188, 191, 334, 337, 338, 339, 340, 341, 342, 344]	experiments/e01d_dimer_msa/out_s0/wt_dimer_msa/seed-4_sample-4/wt_dimer_msa_seed-4_sample-4_summary_confidences.json	experiments/e01d_dimer_msa/out_s0/wt_dimer_msa/seed-4_sample-4/wt_dimer_msa_seed-4_sample-4_model.cif
wt_dimer_msa	seed-5_sample-0	2	0.13	0.52	87.43168395047361	0.21	0.0	1	2	1	44	0.13	0.13	26.33	"{""A-B"": 44}"	[141, 144, 145, 147, 148, 149, 151, 152, 155, 156, 191, 194, 195, 196, 207, 208, 209, 210, 285, 287, 336]	experiments/e01d_dimer_msa/out_s0/wt_dimer_msa/seed-5_sample-0/wt_dimer_msa_seed-5_sample-0_summary_confidences.json	experiments/e01d_dimer_msa/out_s0/wt_dimer_msa/seed-5_sample-0/wt_dimer_msa_seed-5_sample-0_model.cif
wt_dimer_msa	seed-5_sample-1	2	0.13	0.53	87.29883417317286	0.21	0.0	1	2	1	38	0.13	0.13	26.23	"{""A-B"": 38}"	[141, 144, 145, 148, 149, 151, 152, 155, 156, 194, 196, 206, 207, 208, 209, 210, 285, 287, 336]	experiments/e01d_dimer_msa/out_s0/wt_dimer_msa/seed-5_sample-1/wt_dimer_msa_seed-5_sample-1_summary_confidences.json	experiments/e01d_dimer_msa/out_s0/wt_dimer_msa/seed-5_sample-1/wt_dimer_msa_seed-5_sample-1_model.cif
wt_dimer_msa	seed-5_sample-2	2	0.1	0.51	86.41401562666029	0.18	0.0	1	2	1	108	0.1	0.1	28.79	"{""A-B"": 108}"	[1, 2, 3, 4, 5, 6, 10, 61, 62, 64, 65, 67, 68, 69, 79, 83, 86, 87, 186, 219, 232, 234, 236, 237, 238, 239, 241, 262, 263, 266, 267, 269, 270, 271, 272, 274, 276, 340, 341, 342, 343, 344, 370, 372, 373, 374, 375]	experiments/e01d_dimer_msa/out_s0/wt_dimer_msa/seed-5_sample-2/wt_dimer_msa_seed-5_sample-2_summary_confidences.json	experiments/e01d_dimer_msa/out_s0/wt_dimer_msa/seed-5_sample-2/wt_dimer_msa_seed-5_sample-2_model.cif
wt_dimer_msa	seed-5_sample-3	2	0.14	0.53	86.60012945857073	0.21	0.0	1	2	1	93	0.14	0.14	25.28	"{""A-B"": 93}"	[94, 96, 97, 98, 99, 101, 131, 138, 140, 141, 144, 145, 147, 148, 149, 151, 152, 154, 155, 156, 157, 164, 180, 182, 183, 184, 188, 191, 338, 339, 340, 341, 342]	experiments/e01d_dimer_msa/out_s0/wt_dimer_msa/seed-5_sample-3/wt_dimer_msa_seed-5_sample-3_summary_confidences.json	experiments/e01d_dimer_msa/out_s0/wt_dimer_msa/seed-5_sample-3/wt_dimer_msa_seed-5_sample-3_model.cif
wt_dimer_msa	seed-5_sample-4	2	0.13	0.53	87.54774619384133	0.21	0.0	1	2	1	44	0.13	0.13	26.19	"{""A-B"": 44}"	[141, 144, 145, 148, 149, 151, 152, 155, 156, 159, 194, 196, 207, 208, 209, 210, 285, 287, 334, 336]	experiments/e01d_dimer_msa/out_s0/wt_dimer_msa/seed-5_sample-4/wt_dimer_msa_seed-5_sample-4_summary_confidences.json	experiments/e01d_dimer_msa/out_s0/wt_dimer_msa/seed-5_sample-4/wt_dimer_msa_seed-5_sample-4_model.cif
p3_dimer_msa	seed-1_sample-0	2	0.16	0.54	87.03238352839811	0.23	0.0	1	2	1	63	0.16	0.16	22.65	"{""A-B"": 63}"	[155, 156, 157, 159, 180, 182, 184, 188, 189, 190, 191, 192, 193, 194, 195, 196, 198, 206, 207, 208, 210, 287, 289, 332, 334, 336, 337, 338, 339, 341]	experiments/e01d_dimer_msa/out_s1/p3_dimer_msa/seed-1_sample-0/p3_dimer_msa_seed-1_sample-0_summary_confidences.json	experiments/e01d_dimer_msa/out_s1/p3_dimer_msa/seed-1_sample-0/p3_dimer_msa_seed-1_sample-0_model.cif
p3_dimer_msa	seed-1_sample-1	2	0.18	0.55	87.69911904409142	0.26	0.0	1	2	1	93	0.18	0.18	21.54	"{""A-B"": 93}"	[95, 96, 97, 98, 99, 154, 155, 156, 157, 159, 182, 183, 184, 188, 189, 190, 191, 192, 193, 194, 195, 196, 197, 208, 210, 334, 336, 337, 338, 339, 340, 341, 342, 343, 348]	experiments/e01d_dimer_msa/out_s1/p3_dimer_msa/seed-1_sample-1/p3_dimer_msa_seed-1_sample-1_summary_confidences.json	experiments/e01d_dimer_msa/out_s1/p3_dimer_msa/seed-1_sample-1/p3_dimer_msa_seed-1_sample-1_model.cif
p3_dimer_msa	seed-1_sample-2	2	0.13	0.53	87.80544039869555	0.21	0.0	1	2	1	97	0.13	0.13	25.28	"{""A-B"": 97}"	[94, 96, 97, 98, 99, 101, 128, 138, 140, 141, 144, 145, 147, 148, 149, 151, 152, 153, 154, 155, 156, 157, 180, 182, 183, 184, 188, 190, 191, 192, 334, 337, 338, 339, 340, 342, 344, 345]	experiments/e01d_dimer_msa/out_s1/p3_dimer_msa/seed-1_sample-2/p3_dimer_msa_seed-1_sample-2_summary_confidences.json	experiments/e01d_dimer_msa/out_s1/p3_dimer_msa/seed-1_sample-2/p3_dimer_msa_seed-1_sample-2_model.cif
p3_dimer_msa	seed-1_sample-3	2	0.11	0.52	87.70689108458208	0.19	0.0	1	2	1	45	0.11	0.11	26.87	"{""A-B"": 45}"	[21, 22, 24, 25, 26, 156, 157, 159, 160, 163, 164, 165, 201, 205, 207, 208, 285, 287, 289, 296, 299, 334, 336, 385]	experiments/e01d_dimer_msa/out_s1/p3_dimer_msa/seed-1_sample-3/p3_dimer_msa_seed-1_sample-3_summary_confidences.json	experiments/e01d_dimer_msa/out_s1/p3_dimer_msa/seed-1_sample-3/p3_dimer_msa_seed-1_sample-3_model.cif
p3_dimer_msa	seed-1_sample-4	2	0.14	0.53	87.60427460151632	0.22	0.0	1	2	1	123	0.14	0.14	24.34	"{""A-B"": 123}"	[92, 93, 94, 96, 99, 101, 110, 127, 128, 131, 132, 133, 134, 138, 141, 142, 144, 145, 148, 149, 151, 152, 153, 155, 156, 157, 180, 182, 183, 184, 188, 190, 191, 192, 194, 334, 336, 337, 338, 339, 342, 344, 345]	experiments/e01d_dimer_msa/out_s1/p3_dimer_msa/seed-1_sample-4/p3_dimer_msa_seed-1_sample-4_summary_confidences.json	experiments/e01d_dimer_msa/out_s1/p3_dimer_msa/seed-1_sample-4/p3_dimer_msa_seed-1_sample-4_model.cif
p3_dimer_msa	seed-2_sample-0	2	0.15	0.54	87.46453380090585	0.23	0.0	1	2	1	101	0.15	0.15	23.33	"{""A-B"": 101}"	[94, 95, 96, 97, 99, 101, 134, 138, 141, 144, 145, 147, 148, 149, 151, 152, 153, 154, 155, 156, 159, 160, 182, 183, 184, 188, 190, 191, 192, 236, 336, 337, 338, 339, 340, 342, 344, 345, 346]	experiments/e01d_dimer_msa/out_s1/p3_dimer_msa/seed-2_sample-0/p3_dimer_msa_seed-2_sample-0_summary_confidences.json	experiments/e01d_dimer_msa/out_s1/p3_dimer_msa/seed-2_sample-0/p3_dimer_msa_seed-2_sample-0_model.cif
p3_dimer_msa	seed-2_sample-1	2	0.19	0.56	87.7557513182645	0.26	0.0	1	2	1	69	0.19	0.19	21.31	"{""A-B"": 69}"	[94, 95, 96, 97, 98, 99, 155, 156, 157, 182, 183, 184, 188, 190, 191, 192, 194, 195, 196, 208, 236, 334, 336, 337, 338, 339, 340, 342, 343, 344, 348]	experiments/e01d_dimer_msa/out_s1/p3_dimer_msa/seed-2_sample-1/p3_dimer_msa_seed-2_sample-1_summary_confidences.json	experiments/e01d_dimer_msa/out_s1/p3_dimer_msa/seed-2_sample-1/p3_dimer_msa_seed-2_sample-1_model.cif
p3_dimer_msa	seed-2_sample-2	2	0.18	0.55	87.81018125702063	0.25	0.0	1	2	1	68	0.18	0.18	22.36	"{""A-B"": 68}"	[94, 95, 96, 97, 98, 99, 151, 152, 155, 156, 157, 182, 183, 184, 190, 191, 192, 194, 195, 196, 208, 210, 336, 337, 338, 339, 340, 342, 343, 344, 345]	experiments/e01d_dimer_msa/out_s1/p3_dimer_msa/seed-2_sample-2/p3_dimer_msa_seed-2_sample-2_summary_confidences.json	experiments/e01d_dimer_msa/out_s1/p3_dimer_msa/seed-2_sample-2/p3_dimer_msa_seed-2_sample-2_model.cif
p3_dimer_msa	seed-2_sample-3	2	0.13	0.53	87.44051792955152	0.21	0.0	1	2	1	107	0.13	0.13	24.72	"{""A-B"": 107}"	[92, 94, 96, 97, 98, 99, 101, 105, 127, 128, 129, 131, 134, 138, 141, 142, 144, 145, 148, 149, 151, 152, 153, 154, 155, 156, 157, 180, 182, 183, 184, 188, 190, 191, 334, 336, 337, 338, 339, 340, 342, 344]	experiments/e01d_dimer_msa/out_s1/p3_dimer_msa/seed-2_sample-3/p3_dimer_msa_seed-2_sample-3_summary_confidences.json	experiments/e01d_dimer_msa/out_s1/p3_dimer_msa/seed-2_sample-3/p3_dimer_msa_seed-2_sample-3_model.cif
p3_dimer_msa	seed-2_sample-4	2	0.18	0.56	87.860777148311	0.26	0.0	1	2	1	83	0.18	0.18	21.59	"{""A-B"": 83}"	[95, 96, 97, 98, 99, 155, 156, 157, 182, 183, 184, 188, 190, 191, 192, 193, 194, 195, 196, 208, 334, 336, 337, 338, 339, 340, 342, 344, 345, 346, 348]	experiments/e01d_dimer_msa/out_s1/p3_dimer_msa/seed-2_sample-4/p3_dimer_msa_seed-2_sample-4_summary_confidences.json	experiments/e01d_dimer_msa/out_s1/p3_dimer_msa/seed-2_sample-4/p3_dimer_msa_seed-2_sample-4_model.cif
p3_dimer_msa	seed-3_sample-0	2	0.18	0.55	87.36373045530962	0.25	0.0	1	2	1	97	0.18	0.18	21.97	"{""A-B"": 97}"	[94, 95, 96, 97, 98, 99, 100, 151, 152, 155, 156, 157, 182, 183, 184, 188, 190, 191, 192, 193, 194, 195, 196, 208, 210, 236, 336, 337, 338, 339, 340, 342, 343, 344, 345, 348]	experiments/e01d_dimer_msa/out_s1/p3_dimer_msa/seed-3_sample-0/p3_dimer_msa_seed-3_sample-0_summary_confidences.json	experiments/e01d_dimer_msa/out_s1/p3_dimer_msa/seed-3_sample-0/p3_dimer_msa_seed-3_sample-0_model.cif
p3_dimer_msa	seed-3_sample-1	2	0.16	0.54	87.44196878937242	0.24	0.0	1	2	1	80	0.16	0.16	22.74	"{""A-B"": 80}"	[94, 95, 96, 97, 98, 99, 151, 152, 155, 156, 182, 183, 184, 188, 190, 191, 192, 193, 194, 195, 196, 208, 210, 236, 336, 337, 338, 339, 340, 342, 343, 344, 345, 348]	experiments/e01d_dimer_msa/out_s1/p3_dimer_msa/seed-3_sample-1/p3_dimer_msa_seed-3_sample-1_summary_confidences.json	experiments/e01d_dimer_msa/out_s1/p3_dimer_msa/seed-3_sample-1/p3_dimer_msa_seed-3_sample-1_model.cif
p3_dimer_msa	seed-3_sample-2	2	0.17	0.55	87.3168652490013	0.24	0.0	1	2	1	78	0.17	0.17	22.61	"{""A-B"": 78}"	[94, 95, 96, 97, 98, 99, 151, 152, 154, 155, 156, 157, 182, 183, 184, 188, 190, 191, 192, 193, 194, 195, 196, 208, 209, 210, 336, 337, 338, 339, 340, 342, 343, 344, 345]	experiments/e01d_dimer_msa/out_s1/p3_dimer_msa/seed-3_sample-2/p3_dimer_msa_seed-3_sample-2_summary_confidences.json	experiments/e01d_dimer_msa/out_s1/p3_dimer_msa/seed-3_sample-2/p3_dimer_msa_seed-3_sample-2_model.cif
p3_dimer_msa	seed-3_sample-3	2	0.19	0.56	87.51398966102403	0.26	0.0	1	2	1	78	0.19	0.19	21.69	"{""A-B"": 78}"	[95, 96, 97, 98, 99, 155, 156, 157, 159, 182, 183, 184, 188, 190, 191, 192, 194, 195, 196, 208, 334, 336, 337, 338, 339, 340, 342, 344, 345, 346, 348]	experiments/e01d_dimer_msa/out_s1/p3_dimer_msa/seed-3_sample-3/p3_dimer_msa_seed-3_sample-3_summary_confidences.json	experiments/e01d_dimer_msa/out_s1/p3_dimer_msa/seed-3_sample-3/p3_dimer_msa_seed-3_sample-3_model.cif
p3_dimer_msa	seed-3_sample-4	2	0.18	0.55	87.5030051710692	0.25	0.0	1	2	1	88	0.18	0.18	21.87	"{""A-B"": 88}"	[95, 96, 97, 98, 99, 155, 156, 157, 159, 182, 183, 184, 188, 189, 190, 191, 192, 194, 195, 196, 197, 208, 236, 334, 336, 337, 338, 339, 340, 342, 344, 345, 346, 348]	experiments/e01d_dimer_msa/out_s1/p3_dimer_msa/seed-3_sample-4/p3_dimer_msa_seed-3_sample-4_summary_confidences.json	experiments/e01d_dimer_msa/out_s1/p3_dimer_msa/seed-3_sample-4/p3_dimer_msa_seed-3_sample-4_model.cif
p3_dimer_msa	seed-4_sample-0	2	0.17	0.55	87.73608818449505	0.25	0.0	1	2	1	89	0.17	0.17	22.51	"{""A-B"": 89}"	[94, 95, 96, 97, 98, 99, 151, 152, 155, 156, 182, 183, 184, 188, 190, 191, 192, 193, 194, 195, 196, 208, 210, 236, 336, 337, 338, 339, 340, 342, 343, 344, 348]	experiments/e01d_dimer_msa/out_s1/p3_dimer_msa/seed-4_sample-0/p3_dimer_msa_seed-4_sample-0_summary_confidences.json	experiments/e01d_dimer_msa/out_s1/p3_dimer_msa/seed-4_sample-0/p3_dimer_msa_seed-4_sample-0_model.cif
p3_dimer_msa	seed-4_sample-1	2	0.15	0.54	87.59264256175936	0.23	0.0	1	2	1	32	0.15	0.15	23.41	"{""A-B"": 32}"	[141, 144, 145, 148, 149, 151, 152, 156, 196, 206, 207, 208, 209, 210, 287]	experiments/e01d_dimer_msa/out_s1/p3_dimer_msa/seed-4_sample-1/p3_dimer_msa_seed-4_sample-1_summary_confidences.json	experiments/e01d_dimer_msa/out_s1/p3_dimer_msa/seed-4_sample-1/p3_dimer_msa_seed-4_sample-1_model.cif
p3_dimer_msa	seed-4_sample-2	2	0.18	0.55	87.83305689955004	0.25	0.0	1	2	1	73	0.18	0.18	22.61	"{""A-B"": 73}"	[93, 94, 95, 96, 97, 99, 131, 133, 141, 144, 145, 146, 148, 149, 151, 152, 153, 155, 156, 182, 189, 191, 192, 194, 195, 196, 210, 285, 287, 334, 336, 337, 338]	experiments/e01d_dimer_msa/out_s1/p3_dimer_msa/seed-4_sample-2/p3_dimer_msa_seed-4_sample-2_summary_confidences.json	experiments/e01d_dimer_msa/out_s1/p3_dimer_msa/seed-4_sample-2/p3_dimer_msa_seed-4_sample-2_model.cif
p3_dimer_msa	seed-4_sample-3	2	0.14	0.53	87.4875128158016	0.22	0.0	1	2	1	37	0.14	0.14	23.69	"{""A-B"": 37}"	[138, 140, 141, 144, 145, 148, 152, 155, 156, 157, 194, 196, 208, 210, 285, 334, 336, 338]	experiments/e01d_dimer_msa/out_s1/p3_dimer_msa/seed-4_sample-3/p3_dimer_msa_seed-4_sample-3_summary_confidences.json	experiments/e01d_dimer_msa/out_s1/p3_dimer_msa/seed-4_sample-3/p3_dimer_msa_seed-4_sample-3_model.cif
p3_dimer_msa	seed-4_sample-4	2	0.16	0.55	87.50992230430168	0.24	0.0	1	2	1	58	0.16	0.16	22.37	"{""A-B"": 58}"	[94, 95, 96, 131, 141, 144, 145, 148, 149, 151, 152, 153, 155, 156, 182, 191, 192, 194, 196, 210, 285, 287, 334, 336, 337, 338]	experiments/e01d_dimer_msa/out_s1/p3_dimer_msa/seed-4_sample-4/p3_dimer_msa_seed-4_sample-4_summary_confidences.json	experiments/e01d_dimer_msa/out_s1/p3_dimer_msa/seed-4_sample-4/p3_dimer_msa_seed-4_sample-4_model.cif
p3_dimer_msa	seed-5_sample-0	2	0.19	0.56	87.6900257644258	0.26	0.0	1	2	1	100	0.19	0.19	21.57	"{""A-B"": 100}"	[95, 96, 97, 98, 99, 155, 156, 157, 159, 182, 183, 184, 188, 189, 190, 191, 192, 193, 194, 195, 196, 197, 208, 236, 334, 336, 337, 338, 339, 340, 342, 343, 344, 348]	experiments/e01d_dimer_msa/out_s1/p3_dimer_msa/seed-5_sample-0/p3_dimer_msa_seed-5_sample-0_summary_confidences.json	experiments/e01d_dimer_msa/out_s1/p3_dimer_msa/seed-5_sample-0/p3_dimer_msa_seed-5_sample-0_model.cif
p3_dimer_msa	seed-5_sample-1	2	0.17	0.55	87.35878243718122	0.24	0.0	1	2	1	60	0.17	0.17	22.55	"{""A-B"": 60}"	[94, 96, 131, 141, 144, 145, 148, 149, 151, 152, 153, 155, 156, 182, 191, 192, 194, 195, 196, 210, 285, 287, 334, 336, 337, 338]	experiments/e01d_dimer_msa/out_s1/p3_dimer_msa/seed-5_sample-1/p3_dimer_msa_seed-5_sample-1_summary_confidences.json	experiments/e01d_dimer_msa/out_s1/p3_dimer_msa/seed-5_sample-1/p3_dimer_msa_seed-5_sample-1_model.cif
p3_dimer_msa	seed-5_sample-2	2	0.19	0.56	87.81018136572962	0.26	0.0	1	2	1	101	0.19	0.19	21.52	"{""A-B"": 101}"	[95, 96, 97, 98, 99, 155, 156, 157, 159, 182, 183, 184, 188, 189, 190, 191, 192, 193, 194, 195, 196, 197, 208, 236, 334, 336, 337, 338, 339, 340, 342, 344, 345, 348, 349]	experiments/e01d_dimer_msa/out_s1/p3_dimer_msa/seed-5_sample-2/p3_dimer_msa_seed-5_sample-2_summary_confidences.json	experiments/e01d_dimer_msa/out_s1/p3_dimer_msa/seed-5_sample-2/p3_dimer_msa_seed-5_sample-2_model.cif
p3_dimer_msa	seed-5_sample-3	2	0.15	0.54	87.15505179963581	0.23	0.0	1	2	1	81	0.15	0.15	23.45	"{""A-B"": 81}"	[94, 95, 96, 99, 110, 131, 132, 133, 134, 141, 144, 145, 148, 149, 151, 152, 153, 155, 156, 157, 180, 182, 191, 192, 194, 195, 196, 210, 285, 334, 336, 337, 338]	experiments/e01d_dimer_msa/out_s1/p3_dimer_msa/seed-5_sample-3/p3_dimer_msa_seed-5_sample-3_summary_confidences.json	experiments/e01d_dimer_msa/out_s1/p3_dimer_msa/seed-5_sample-3/p3_dimer_msa_seed-5_sample-3_model.cif
p3_dimer_msa	seed-5_sample-4	2	0.15	0.54	87.60077715661241	0.22	0.0	1	2	1	76	0.15	0.15	23.8	"{""A-B"": 76}"	[93, 94, 95, 96, 99, 101, 110, 131, 132, 133, 134, 141, 142, 144, 145, 148, 149, 152, 153, 155, 156, 157, 180, 182, 191, 192, 194, 196, 210, 285, 334, 336, 337, 338]	experiments/e01d_dimer_msa/out_s1/p3_dimer_msa/seed-5_sample-4/p3_dimer_msa_seed-5_sample-4_summary_confidences.json	experiments/e01d_dimer_msa/out_s1/p3_dimer_msa/seed-5_sample-4/p3_dimer_msa_seed-5_sample-4_model.cif
