position	mean_min_heavy_distance	max_min_heavy_distance	chain_recurrence	mean_partner_count	excluded	selected
1	2.837011218070984	2.92325758934021	1.0	1.0	1	0
2	5.581462264060974	5.784493446350098	0.0	0.0	0	0
3	5.486731648445129	5.605677127838135	0.0	0.0	0	0
4	4.789667248725891	4.8988566398620605	1.0	1.0	0	1
5	6.664033889770508	6.800808906555176	0.0	0.0	0	0
6	8.788004636764526	8.920628547668457	0.0	0.0	0	0
7	9.944419145584106	10.054378509521484	0.0	0.0	0	0
8	10.564775466918945	10.691171646118164	0.0	0.0	0	0
9	11.165853261947632	11.77210521697998	0.0	0.0	0	0
10	12.276693105697632	12.531318664550781	0.0	0.0	1	0
11	15.53197455406189	15.637606620788574	0.0	0.0	1	0
12	16.6839542388916	16.80474853515625	0.0	0.0	1	0
13	16.195261478424072	16.81513786315918	0.0	0.0	1	0
14	16.028148412704468	16.25067138671875	0.0	0.0	1	0
15	20.6102876663208	20.71611213684082	0.0	0.0	0	0
16	22.22353744506836	22.776935577392578	0.0	0.0	0	0
17	24.480900287628174	24.676462173461914	0.0	0.0	0	0
18	26.284306049346924	26.406166076660156	0.0	0.0	0	0
19	21.483153343200684	21.635250091552734	0.0	0.0	0	0
20	25.195379734039307	25.381376266479492	0.0	0.0	0	0
21	27.873279094696045	28.02195930480957	0.0	0.0	0	0
22	26.191447734832764	26.375160217285156	0.0	0.0	0	0
23	22.355486392974854	22.5403995513916	0.0	0.0	0	0
24	25.65793514251709	25.808746337890625	0.0	0.0	0	0
25	23.111807346343994	23.242921829223633	0.0	0.0	0	0
26	20.423276901245117	20.55818748474121	0.0	0.0	0	0
27	15.90036654472351	16.0308780670166	0.0	0.0	0	0
28	16.66959047317505	16.77664566040039	0.0	0.0	0	0
29	11.0597984790802	11.186491966247559	0.0	0.0	1	0
30	15.615983009338379	15.743378639221191	0.0	0.0	1	0
31	14.875812768936157	15.045815467834473	0.0	0.0	1	0
32	15.169828176498413	15.26166820526123	0.0	0.0	1	0
33	10.042293787002563	10.134472846984863	0.0	0.0	1	0
34	14.876780033111572	14.967771530151367	0.0	0.0	0	0
35	16.73459768295288	16.799551010131836	0.0	0.0	0	0
36	11.751097202301025	11.828988075256348	0.0	0.0	0	0
37	12.737019538879395	13.008732795715332	0.0	0.0	0	0
38	14.316657066345215	14.429101943969727	0.0	0.0	0	0
39	16.54400396347046	16.607608795166016	0.0	0.0	0	0
40	12.967407941818237	13.055105209350586	0.0	0.0	0	0
41	10.236104488372803	10.36269474029541	0.0	0.0	0	0
42	14.635868787765503	14.686420440673828	0.0	0.0	0	0
43	11.588783502578735	11.781484603881836	0.0	0.0	0	0
44	9.321326494216919	9.385807991027832	0.0	0.0	0	0
45	12.575165271759033	12.5857515335083	0.0	0.0	0	0
46	14.859065532684326	14.863288879394531	0.0	0.0	0	0
47	11.603410243988037	11.806159973144531	0.0	0.0	0	0
48	16.83689832687378	17.12187385559082	0.0	0.0	0	0
49	18.922995567321777	19.146785736083984	0.0	0.0	0	0
50	18.91955327987671	18.98284339904785	0.0	0.0	0	0
51	11.066291809082031	11.248553276062012	0.0	0.0	0	0
52	15.45512318611145	15.690908432006836	0.0	0.0	0	0
53	18.197065830230713	18.440797805786133	0.0	0.0	0	0
54	17.50374937057495	17.73212242126465	0.0	0.0	0	0
55	11.968160629272461	12.209151268005371	0.0	0.0	0	0
56	16.43477773666382	16.682579040527344	0.0	0.0	0	0
57	17.979987621307373	18.172199249267578	0.0	0.0	0	0
58	14.585904836654663	14.648441314697266	0.0	0.0	0	0
59	10.644314289093018	10.818796157836914	0.0	0.0	0	0
60	9.9731764793396	10.059643745422363	0.0	0.0	0	0
61	7.811537027359009	7.962510108947754	0.0	0.0	0	0
62	8.341378450393677	8.519150733947754	0.0	0.0	0	0
63	6.403736591339111	6.507880687713623	0.0	0.0	0	0
64	3.489694356918335	3.543367624282837	1.0	1.0	0	1
65	3.7084560990333557	3.7540388107299805	1.0	1.0	0	1
66	5.728718400001526	5.827523231506348	0.0	0.0	0	0
67	1.7503182590007782	1.8452026844024658	1.0	1.0	0	1
68	2.791740298271179	2.9012136459350586	1.0	1.0	0	1
69	2.706278085708618	2.7681374549865723	1.0	1.0	0	1
70	3.046034574508667	3.1307427883148193	1.0	1.0	0	1
71	3.1553569436073303	3.2294602394104004	1.0	1.0	0	1
72	2.910530149936676	2.9579219818115234	1.0	1.0	1	0
73	2.332960844039917	2.5123627185821533	1.0	1.0	1	0
74	4.76513397693634	4.825854301452637	1.0	1.0	1	0
75	6.604209780693054	6.783196449279785	0.0	0.0	1	0
76	5.419527173042297	5.570033550262451	0.0	0.0	1	0
77	5.364487409591675	5.509532451629639	0.0	0.0	0	0
78	3.7355971932411194	3.7546803951263428	1.0	1.0	0	1
79	2.773854613304138	2.812206506729126	1.0	1.0	0	1
80	5.089714765548706	5.144662857055664	0.0	0.0	0	0
81	6.738216161727905	6.79494047164917	0.0	0.0	0	0
82	3.0125152468681335	3.0794785022735596	1.0	1.0	0	1
83	3.7064642310142517	3.7467262744903564	1.0	1.0	0	1
84	6.93803071975708	6.992771148681641	0.0	0.0	0	0
85	4.627363681793213	4.663027286529541	1.0	1.0	0	1
86	3.265707552433014	3.3347368240356445	1.0	1.0	0	1
87	6.054072141647339	6.114484786987305	0.0	0.0	0	0
88	8.33655071258545	8.414724349975586	0.0	0.0	0	0
89	3.361879825592041	3.6577632427215576	1.0	1.0	0	1
90	2.283519744873047	2.317629098892212	1.0	1.0	0	1
91	6.573255181312561	6.597067356109619	0.0	0.0	0	0
92	4.712992548942566	4.829805374145508	1.0	1.0	0	1
93	4.178462624549866	4.2518839836120605	1.0	1.25	0	1
94	3.499405801296234	3.618898391723633	1.0	1.0	0	1
95	3.2703810334205627	3.4654557704925537	1.0	1.0	0	1
96	2.7261877059936523	2.7889444828033447	1.0	1.0	0	1
97	4.267796874046326	4.336564540863037	1.0	1.0	0	1
98	5.240400195121765	5.462279796600342	0.0	0.0	0	0
99	6.297240257263184	6.404802322387695	0.0	0.0	0	0
100	7.977560758590698	8.105727195739746	0.0	0.0	0	0
101	7.378265738487244	7.571654319763184	0.0	0.0	0	0
102	7.208750486373901	7.371135234832764	0.0	0.0	0	0
103	8.591742992401123	8.639572143554688	0.0	0.0	0	0
104	7.906201601028442	8.01508903503418	0.0	0.0	0	0
105	5.320053219795227	5.466872692108154	0.0	0.0	0	0
106	9.070378541946411	9.170576095581055	0.0	0.0	0	0
107	8.160603284835815	8.305920600891113	0.0	0.0	0	0
108	7.2948607206344604	7.458808422088623	0.0	0.0	0	0
109	6.772055268287659	6.890336513519287	0.0	0.0	0	0
110	6.069970369338989	6.281615734100342	0.0	0.0	0	0
111	4.665719628334045	4.858644008636475	1.0	1.0	0	1
112	3.3671295642852783	3.541563034057617	1.0	1.0	0	1
113	4.253953456878662	4.264341354370117	1.0	1.0	0	1
114	3.5844929218292236	3.6562843322753906	1.0	1.0	0	1
115	5.046230912208557	5.091822624206543	0.0	0.0	0	0
116	3.2753180265426636	3.34808611869812	1.0	1.0	0	1
117	5.31273090839386	5.4557294845581055	0.0	0.0	0	0
118	7.453142285346985	7.53126335144043	0.0	0.0	0	0
119	2.2346158027648926	2.2570135593414307	1.0	1.0	1	0
120	2.6658217906951904	2.7082345485687256	1.0	1.75	1	0
121	5.557414412498474	5.651463508605957	0.0	0.0	1	0
122	7.0041444301605225	7.133212566375732	0.0	0.0	1	0
123	3.8923175930976868	4.117715835571289	1.0	2.5	1	0
124	2.516920566558838	2.5763332843780518	1.0	1.0	0	1
125	5.448806524276733	5.521599292755127	0.0	0.0	0	0
126	7.043001413345337	7.130770683288574	0.0	0.0	0	0
127	2.7261877059936523	2.7889444828033447	1.0	1.75	0	1
128	3.6460551619529724	3.7491326332092285	1.0	1.0	0	1
129	5.564312934875488	5.6721649169921875	0.0	0.0	0	0
130	5.663580536842346	5.767409324645996	0.0	0.0	0	0
131	3.2703810334205627	3.4654557704925537	1.0	1.0	0	1
132	2.6658217906951904	2.7082345485687256	1.0	1.0	0	1
133	5.950750946998596	6.119685649871826	0.0	0.0	0	0
134	8.57606053352356	8.811492919921875	0.0	0.0	0	0
135	11.094156742095947	11.247167587280273	0.0	0.0	0	0
136	10.17437744140625	10.430936813354492	0.0	0.0	0	0
137	6.4043673276901245	6.601411819458008	0.0	0.0	0	0
138	7.036680817604065	7.278815746307373	0.0	0.0	0	0
139	10.208393335342407	10.416399002075195	0.0	0.0	0	0
140	8.642040729522705	8.810357093811035	0.0	0.0	0	0
141	3.8286749720573425	3.852466344833374	1.0	1.0	0	1
142	8.148760557174683	8.236958503723145	0.0	0.0	0	0
143	9.08028507232666	9.2662935256958	0.0	0.0	0	0
144	5.482883930206299	5.732731342315674	0.0	0.0	0	0
145	4.0109798312187195	4.1608781814575195	1.0	1.0	0	1
146	9.088125228881836	9.239544868469238	0.0	0.0	0	0
147	7.816880822181702	8.01026725769043	0.0	0.0	0	0
148	2.108685314655304	2.215200901031494	1.0	1.0	0	1
149	4.178462624549866	4.2518839836120605	1.0	1.0	0	1
150	8.62885856628418	8.745464324951172	0.0	0.0	0	0
151	5.070327281951904	5.139453411102295	0.0	0.0	0	0
152	3.6422266364097595	3.745980739593506	1.0	1.0	0	1
153	4.267796874046326	4.336564540863037	1.0	1.0	0	1
154	7.695531249046326	7.935019493103027	0.0	0.0	0	0
155	4.147614240646362	4.36152458190918	1.0	1.0	0	1
156	2.2450475096702576	2.3204398155212402	1.0	1.0	0	1
157	4.3494696617126465	4.647988319396973	1.0	1.0	0	1
158	9.7459876537323	10.043330192565918	0.0	0.0	0	0
159	5.974362730979919	6.074580669403076	0.0	0.0	0	0
160	6.119579195976257	6.202071666717529	0.0	0.0	0	0
161	10.648233413696289	10.740198135375977	0.0	0.0	0	0
162	10.72313666343689	10.873926162719727	0.0	0.0	0	0
163	12.36162519454956	12.420223236083984	0.0	0.0	0	0
164	11.124009132385254	11.27060317993164	0.0	0.0	0	0
165	14.224494695663452	14.419962882995605	0.0	0.0	0	0
166	14.60987663269043	14.789798736572266	0.0	0.0	0	0
167	14.495007038116455	14.55833625793457	0.0	0.0	0	0
168	15.598296642303467	15.805020332336426	0.0	0.0	0	0
169	11.800582647323608	11.934599876403809	0.0	0.0	0	0
170	14.272099256515503	14.462752342224121	0.0	0.0	0	0
171	14.320592164993286	14.516714096069336	0.0	0.0	0	0
172	12.160928010940552	12.282121658325195	0.0	0.0	0	0
173	10.45551085472107	10.528974533081055	0.0	0.0	0	0
174	12.984008312225342	13.087140083312988	0.0	0.0	0	0
175	13.744540452957153	13.898250579833984	0.0	0.0	0	0
176	11.519418001174927	11.645807266235352	0.0	0.0	0	0
177	13.362748622894287	13.461097717285156	0.0	0.0	0	0
178	11.451768398284912	11.49300765991211	0.0	0.0	0	0
179	10.2626473903656	10.50224494934082	0.0	0.0	0	0
180	5.900583028793335	6.162777900695801	0.0	0.0	0	0
181	4.598181486129761	4.724518299102783	1.0	1.0	0	1
182	2.4827696084976196	2.677798271179199	1.0	1.0	0	1
183	5.4478455781936646	5.566825866699219	0.0	0.0	0	0
184	3.6422266364097595	3.745980739593506	1.0	1.0	0	1
185	6.427616834640503	6.476691722869873	0.0	0.0	0	0
186	2.706278085708618	2.7681374549865723	1.0	1.0	0	1
187	3.621266543865204	3.6790804862976074	1.0	1.0	0	1
188	4.245873928070068	4.433557033538818	1.0	1.0	0	1
189	5.6236268281936646	5.777368068695068	0.0	0.0	0	0
190	4.859441161155701	4.962278366088867	1.0	1.0	0	1
191	5.482883930206299	5.732731342315674	0.0	0.0	0	0
192	5.384797930717468	5.537129878997803	0.0	0.0	0	0
193	8.340002298355103	8.51590347290039	0.0	0.0	0	0
194	10.498687505722046	10.706603050231934	0.0	0.0	0	0
195	13.894394636154175	14.10528564453125	0.0	0.0	0	0
196	17.07570505142212	17.357280731201172	0.0	0.0	0	0
197	18.51782464981079	18.68397331237793	0.0	0.0	0	0
198	22.496720790863037	22.63785171508789	0.0	0.0	0	0
199	19.51430606842041	19.59476089477539	0.0	0.0	0	0
200	23.819878101348877	23.90753173828125	0.0	0.0	0	0
201	22.618154048919678	22.716583251953125	0.0	0.0	0	0
202	26.566884517669678	26.656017303466797	0.0	0.0	0	0
203	30.010383129119873	30.091453552246094	0.0	0.0	0	0
204	30.499255657196045	30.596351623535156	0.0	0.0	0	0
205	26.562073707580566	26.642242431640625	0.0	0.0	0	0
206	24.63508701324463	24.782880783081055	0.0	0.0	0	0
207	17.527392864227295	17.662731170654297	0.0	0.0	0	0
208	17.807471752166748	17.944032669067383	0.0	0.0	0	0
209	16.486916542053223	16.613500595092773	0.0	0.0	0	0
210	12.64856219291687	12.800874710083008	0.0	0.0	0	0
211	14.36247968673706	14.60767650604248	0.0	0.0	0	0
212	10.05667519569397	10.225171089172363	0.0	0.0	0	0
213	10.610764026641846	10.721814155578613	0.0	0.0	0	0
214	8.010716319084167	8.093016624450684	0.0	0.0	0	0
215	6.124790191650391	6.233842372894287	0.0	0.0	0	0
216	4.941465258598328	5.0257744789123535	0.5	0.5	0	0
217	3.1617135405540466	3.2548866271972656	1.0	1.0	0	1
218	5.728180766105652	5.841658592224121	0.0	0.0	0	0
219	2.791740298271179	2.9012136459350586	1.0	1.0	0	1
220	7.971167683601379	8.098213195800781	0.0	0.0	0	0
221	10.670549631118774	10.814952850341797	0.0	0.0	0	0
222	14.057380676269531	14.202990531921387	0.0	0.0	0	0
223	13.945778846740723	14.195121765136719	0.0	0.0	0	0
224	19.034385681152344	19.265743255615234	0.0	0.0	0	0
225	18.9783878326416	19.26381492614746	0.0	0.0	0	0
226	17.745287895202637	18.05710792541504	0.0	0.0	0	0
227	21.06248140335083	21.23712730407715	0.0	0.0	0	0
228	16.050563097000122	16.56890296936035	0.0	0.0	0	0
229	14.483229398727417	14.618758201599121	0.0	0.0	0	0
230	10.69370436668396	10.82970142364502	0.0	0.0	0	0
231	8.87255859375	8.998587608337402	0.0	0.0	0	0
232	3.9083105325698853	3.97170090675354	1.0	1.0	0	1
233	6.708954334259033	6.834354400634766	0.0	0.0	0	0
234	3.4596404433250427	3.5283188819885254	1.0	1.0	0	1
235	5.764036536216736	5.8463006019592285	0.0	0.0	0	0
236	4.080097913742065	4.180075645446777	1.0	1.0	0	1
237	3.0125152468681335	3.0794785022735596	1.0	1.0	0	1
238	2.773854613304138	2.812206506729126	1.0	1.0	0	1
239	3.265707552433014	3.3347368240356445	1.0	1.0	0	1
240	6.267853736877441	6.315481185913086	0.0	0.0	0	0
241	5.110173940658569	5.209697723388672	0.0	0.0	0	0
242	8.120784282684326	8.235418319702148	0.0	0.0	0	0
243	8.220927476882935	8.338924407958984	0.0	0.0	0	0
244	11.769506931304932	11.88767147064209	0.0	0.0	0	0
245	14.027451038360596	14.368152618408203	0.0	0.0	0	0
246	16.5810866355896	16.700132369995117	0.0	0.0	0	0
247	19.81131076812744	19.940004348754883	0.0	0.0	0	0
248	20.342273712158203	20.49005699157715	0.0	0.0	0	0
249	24.351108074188232	24.493324279785156	0.0	0.0	0	0
250	26.476168155670166	26.61494255065918	0.0	0.0	0	0
251	27.567983627319336	27.700862884521484	0.0	0.0	0	0
252	24.337457180023193	24.69300651550293	0.0	0.0	0	0
253	22.19614887237549	22.303308486938477	0.0	0.0	0	0
254	26.0268816947937	26.516494750976562	0.0	0.0	0	0
255	23.864121437072754	24.3985538482666	0.0	0.0	0	0
256	18.82896089553833	19.37960433959961	0.0	0.0	0	0
257	22.68265199661255	23.258821487426758	0.0	0.0	1	0
258	23.719746112823486	24.132112503051758	0.0	0.0	1	0
259	19.58640718460083	19.891279220581055	0.0	0.0	1	0
260	16.752909660339355	17.342573165893555	0.0	0.0	1	0
261	15.378177881240845	15.737727165222168	0.0	0.0	1	0
262	11.866976737976074	12.015535354614258	0.0	0.0	1	0
263	12.24308466911316	12.551974296569824	0.0	0.0	1	0
264	12.507017850875854	12.803913116455078	0.0	0.0	1	0
265	10.124279022216797	10.583608627319336	0.0	0.0	0	0
266	7.669764161109924	7.972240924835205	0.0	0.0	0	0
267	8.854700803756714	9.139734268188477	0.0	0.0	0	0
268	9.75307583808899	10.059004783630371	0.0	0.0	0	0
269	5.504112958908081	5.9917497634887695	0.0	0.0	0	0
270	4.981462836265564	5.181782245635986	0.5	0.5	0	0
271	2.8489331007003784	2.92325758934021	1.0	1.0	0	1
272	5.895107269287109	6.016074180603027	0.0	0.0	0	0
273	8.185251951217651	8.339730262756348	0.0	0.0	0	0
274	6.998979926109314	7.371845722198486	0.0	0.0	0	0
275	7.8135387897491455	7.968942642211914	0.0	0.0	0	0
276	1.7503182590007782	1.8452026844024658	1.0	1.0	0	1
277	7.938587665557861	8.093286514282227	0.0	0.0	0	0
278	4.76005744934082	4.917964458465576	1.0	1.0	0	1
279	8.741077184677124	8.842371940612793	0.0	0.0	0	0
280	11.14523983001709	11.254161834716797	0.0	0.0	0	0
281	11.078102111816406	11.179622650146484	0.0	0.0	0	0
282	15.045918464660645	15.134489059448242	0.0	0.0	0	0
283	13.734035730361938	13.848602294921875	0.0	0.0	0	0
284	12.990499258041382	13.121847152709961	0.0	0.0	0	0
285	9.146933794021606	9.279808044433594	0.0	0.0	0	0
286	8.00229823589325	8.089089393615723	0.0	0.0	0	0
287	5.589671730995178	5.676332950592041	0.0	0.0	0	0
288	9.115373849868774	9.280052185058594	0.0	0.0	0	0
289	9.498634576797485	9.75971508026123	0.0	0.0	0	0
290	13.19248366355896	13.39644718170166	0.0	0.0	0	0
291	12.49634313583374	12.660520553588867	0.0	0.0	0	0
292	18.024198532104492	18.211462020874023	0.0	0.0	0	0
293	21.126028060913086	21.22043800354004	0.0	0.0	0	0
294	18.641876220703125	18.772462844848633	0.0	0.0	0	0
295	22.0815167427063	22.207481384277344	0.0	0.0	0	0
296	25.103495121002197	25.241418838500977	0.0	0.0	0	0
297	24.97093439102173	25.151460647583008	0.0	0.0	0	0
298	21.583250045776367	21.73162078857422	0.0	0.0	0	0
299	26.384739875793457	26.478668212890625	0.0	0.0	0	0
300	27.634976387023926	27.85385513305664	0.0	0.0	0	0
301	22.05587387084961	22.151391983032227	0.0	0.0	0	0
302	23.658682823181152	23.910306930541992	0.0	0.0	0	0
303	22.065628051757812	22.159996032714844	0.0	0.0	0	0
304	23.806931018829346	23.910541534423828	0.0	0.0	0	0
305	21.183573722839355	21.290842056274414	0.0	0.0	0	0
306	17.925087451934814	17.991525650024414	0.0	0.0	0	0
307	20.85135555267334	20.957677841186523	0.0	0.0	0	0
308	20.164340496063232	20.302522659301758	0.0	0.0	0	0
309	20.894723415374756	21.042922973632812	0.0	0.0	0	0
310	21.055564880371094	21.172435760498047	0.0	0.0	0	0
311	17.65797996520996	17.773757934570312	0.0	0.0	0	0
312	16.473244190216064	16.537744522094727	0.0	0.0	0	0
313	11.860519170761108	11.922167778015137	0.0	0.0	0	0
314	11.546245098114014	11.593034744262695	0.0	0.0	0	0
315	9.58612585067749	9.620677947998047	0.0	0.0	0	0
316	6.943543314933777	6.983729839324951	0.0	0.0	0	0
317	8.233319997787476	8.355342864990234	0.0	0.0	0	0
318	9.602760076522827	9.757951736450195	0.0	0.0	0	0
319	8.926803827285767	9.033319473266602	0.0	0.0	0	0
320	8.171494007110596	8.376961708068848	0.0	0.0	0	0
321	13.08818244934082	13.244171142578125	0.0	0.0	0	0
322	11.213724613189697	11.321683883666992	0.0	0.0	0	0
323	14.865245819091797	14.989541053771973	0.0	0.0	0	0
324	14.888054132461548	14.953689575195312	0.0	0.0	0	0
325	17.58669900894165	17.7337703704834	0.0	0.0	0	0
326	17.433692932128906	17.550594329833984	0.0	0.0	0	0
327	18.441205978393555	18.602176666259766	0.0	0.0	0	0
328	16.341278076171875	16.467912673950195	0.0	0.0	0	0
329	16.37456226348877	16.57593536376953	0.0	0.0	0	0
330	13.89055323600769	14.103164672851562	0.0	0.0	0	0
331	11.188812971115112	11.37920093536377	0.0	0.0	0	0
332	5.063455820083618	5.284397125244141	0.5	0.5	0	0
333	6.3862621784210205	6.464592456817627	0.0	0.0	0	0
334	2.2450475096702576	2.3204398155212402	1.0	1.0	0	1
335	7.002347707748413	7.112643241882324	0.0	0.0	0	0
336	5.307782053947449	5.537215232849121	0.0	0.0	0	0
337	4.483211517333984	4.601100444793701	1.0	1.0	0	1
338	3.6121623516082764	3.7385082244873047	1.0	1.0	0	1
339	2.108685314655304	2.215200901031494	1.0	1.0	0	1
340	2.516920566558838	2.5763332843780518	1.0	2.0	0	1
341	2.332960844039917	2.5123627185821533	1.0	1.0	0	1
342	3.8286749720573425	3.852466344833374	1.0	1.0	0	1
343	5.94594407081604	6.074196815490723	0.0	0.0	0	0
344	7.597675204277039	7.798542499542236	0.0	0.0	0	0
345	6.4043673276901245	6.601411819458008	0.0	0.0	0	0
346	9.261723756790161	9.496149063110352	0.0	0.0	0	0
347	4.031093418598175	4.2467474937438965	1.0	1.0	0	1
348	8.647345781326294	8.835558891296387	0.0	0.0	0	0
349	10.875748872756958	11.070282936096191	0.0	0.0	0	0
350	7.431822419166565	7.612260341644287	0.0	0.0	0	0
351	11.721511840820312	11.873079299926758	0.0	0.0	0	0
352	13.26568603515625	13.406306266784668	0.0	0.0	0	0
353	14.977277755737305	15.125462532043457	0.0	0.0	0	0
354	11.154330253601074	11.307844161987305	0.0	0.0	0	0
355	9.645877122879028	9.799206733703613	0.0	0.0	0	0
356	13.902732610702515	14.062539100646973	0.0	0.0	0	0
357	13.341164588928223	13.47803020477295	0.0	0.0	0	0
358	15.332772254943848	15.45248794555664	0.0	0.0	0	0
359	13.987157583236694	14.11838150024414	0.0	0.0	0	0
360	17.68324089050293	17.829158782958984	0.0	0.0	0	0
361	18.055405616760254	18.176692962646484	0.0	0.0	0	0
362	21.359978675842285	21.48369598388672	0.0	0.0	0	0
363	21.671156406402588	21.753759384155273	0.0	0.0	0	0
364	22.060543537139893	22.20161247253418	0.0	0.0	0	0
365	16.68814706802368	16.76837158203125	0.0	0.0	0	0
366	16.311466693878174	16.400087356567383	0.0	0.0	1	0
367	13.483099222183228	13.510505676269531	0.0	0.0	1	0
368	11.372947216033936	11.443193435668945	0.0	0.0	1	0
369	10.989176511764526	11.011496543884277	0.0	0.0	1	0
370	5.017245769500732	5.449554920196533	0.5	0.5	1	0
371	4.8544758558273315	4.886852741241455	1.0	1.0	0	1
372	3.489694356918335	3.543367624282837	1.0	1.0	0	1
373	3.7064642310142517	3.7467262744903564	1.0	1.0	0	1
374	4.253145694732666	4.342766761779785	1.0	1.0	0	1
375	5.9368813037872314	6.393420219421387	0.0	0.0	0	0
376	8.871503353118896	8.996371269226074	0.0	0.0	0	0
377	11.78765320777893	11.923517227172852	0.0	0.0	0	0
378	10.082144260406494	10.112173080444336	0.0	0.0	0	0
379	10.889587879180908	11.039693832397461	0.0	0.0	0	0
380	16.194251537322998	16.27594757080078	0.0	0.0	0	0
381	16.902738094329834	16.961336135864258	0.0	0.0	1	0
382	17.588170051574707	17.69059181213379	0.0	0.0	1	0
383	16.107492923736572	16.163549423217773	0.0	0.0	1	0
384	19.04953670501709	19.139175415039062	0.0	0.0	1	0
385	16.268134117126465	16.38214683532715	0.0	0.0	1	0
386	13.38512372970581	13.496260643005371	0.0	0.0	1	0
