system	model	iptm	ptm	atomic_clash_count_2p4	terminal_atomic_clash_count_2p4	nonterminal_atomic_clash_count_2p4	design_involved_atomic_clash_count_2p4	severe_ca_overlap_count_2p5	effective_interface_edges	effective_edge_list	largest_component	min_chain_degree	valid_c4_network	interface_type_count	interface_type_multiplicities	interface_type_edges	interface_type_design_counts	two_interfaces_each_design_ge3	contact_residue_pairs	interface_positions	design_interface_count	design_interface_fraction	design_interface_positions	native_c74_c121_bonds	interchain_ss_bonds	mean_chain_plddt	min_chain_plddt	mean_chain_ca_rmsd_to_1ova	max_chain_ca_rmsd_to_1ova	cif_path
ova_body_c4_01	seed-1_sample-0	0.84	0.87	0	0	0	0	0	4	A-C,A-D,B-C,B-D	4	2	1	2	2,2	A-C,B-D|A-D,B-C	5,9	1	249	49	12	0.75	191,271,276,278,342,343,345,346,347,349,350,354	4	0	90.87690407253918	90.82463724996141	1.5473327149061313	1.5536966360864575	experiments/e307_c4_e303_label_reflow_af3_seed1/out_s0/ova_body_c4_01/seed-1_sample-0/ova_body_c4_01_seed-1_sample-0_model.cif
ova_body_c4_01	seed-1_sample-1	0.84	0.87	0	0	0	0	0	4	A-C,A-D,B-C,B-D	4	2	1	2	2,2	A-C,B-D|A-D,B-C	5,9	1	250	47	12	0.75	191,271,276,278,342,343,345,346,347,349,350,354	4	0	90.87468273034368	90.81450777597378	1.5310761674610676	1.5401882493314278	experiments/e307_c4_e303_label_reflow_af3_seed1/out_s0/ova_body_c4_01/seed-1_sample-1/ova_body_c4_01_seed-1_sample-1_model.cif
ova_body_c4_01	seed-1_sample-2	0.85	0.87	0	0	0	0	0	6	A-B,A-C,A-D,B-C,B-D,C-D	4	3	1	3	2,2,2	A-B,C-D|A-C,B-D|A-D,B-C	1,5,9	1	250	48	12	0.75	191,271,276,278,342,343,345,346,347,349,350,354	4	0	90.97124997074741	90.9154402480842	1.5400287292568224	1.5409846764020099	experiments/e307_c4_e303_label_reflow_af3_seed1/out_s0/ova_body_c4_01/seed-1_sample-2/ova_body_c4_01_seed-1_sample-2_model.cif
ova_body_c4_01	seed-1_sample-3	0.85	0.88	0	0	0	0	0	6	A-B,A-C,A-D,B-C,B-D,C-D	4	3	1	3	2,2,2	A-B,C-D|A-C,B-D|A-D,B-C	1,5,8	1	242	47	11	0.6875	191,271,278,342,343,345,346,347,349,350,354	4	0	91.09372407784734	91.0624869055081	1.5668363328125874	1.5735350582375256	experiments/e307_c4_e303_label_reflow_af3_seed1/out_s0/ova_body_c4_01/seed-1_sample-3/ova_body_c4_01_seed-1_sample-3_model.cif
ova_body_c4_01	seed-1_sample-4	0.84	0.87	0	0	0	0	0	4	A-C,A-D,B-C,B-D	4	2	1	2	2,2	A-C,B-D|A-D,B-C	5,8	1	243	46	11	0.6875	191,271,278,342,343,345,346,347,349,350,354	4	0	90.9979728194716	90.94878257000384	1.5654296664883482	1.5723355242396906	experiments/e307_c4_e303_label_reflow_af3_seed1/out_s0/ova_body_c4_01/seed-1_sample-4/ova_body_c4_01_seed-1_sample-4_model.cif
ova_body_c4_02	seed-1_sample-0	0.83	0.86	0	0	0	0	0	4	A-C,A-D,B-C,B-D	4	2	1	2	2,2	A-C,B-D|A-D,B-C	4,10	1	230	46	13	0.7222222222222222	191,271,276,278,342,343,345,346,347,349,350,354,356	4	0	90.4112694127572	90.34883434908377	1.5423190006922003	1.548460209815865	experiments/e307_c4_e303_label_reflow_af3_seed1/out_s1/ova_body_c4_02/seed-1_sample-0/ova_body_c4_02_seed-1_sample-0_model.cif
ova_body_c4_02	seed-1_sample-1	0.84	0.86	0	0	0	0	0	6	A-B,A-C,A-D,B-C,B-D,C-D	4	3	1	3	2,2,2	A-B,C-D|A-C,B-D|A-D,B-C	2,4,9	1	229	48	13	0.7222222222222222	191,271,276,278,342,343,345,346,347,349,350,354,356	4	0	90.52581609469004	90.46310886323761	1.5344611111200852	1.5437571217408907	experiments/e307_c4_e303_label_reflow_af3_seed1/out_s1/ova_body_c4_02/seed-1_sample-1/ova_body_c4_02_seed-1_sample-1_model.cif
ova_body_c4_02	seed-1_sample-2	0.84	0.86	0	0	0	0	0	6	A-B,A-C,A-D,B-C,B-D,C-D	4	3	1	3	2,2,2	A-B,C-D|A-C,B-D|A-D,B-C	2,4,9	1	262	55	13	0.7222222222222222	191,271,276,278,342,343,345,346,347,349,350,354,356	4	0	90.45192361989787	90.39279800375509	1.5629679264472902	1.5648778414634978	experiments/e307_c4_e303_label_reflow_af3_seed1/out_s1/ova_body_c4_02/seed-1_sample-2/ova_body_c4_02_seed-1_sample-2_model.cif
ova_body_c4_02	seed-1_sample-3	0.84	0.86	0	0	0	0	0	5	A-B,A-C,A-D,B-C,B-D	4	2	1	3	2,2,1	A-C,B-D|A-D,B-C|A-B	6,9,2	1	241	48	13	0.7222222222222222	191,271,276,278,342,343,345,346,347,349,350,354,356	4	0	90.51558288514923	90.46886005302785	1.5600853912998196	1.565795425630857	experiments/e307_c4_e303_label_reflow_af3_seed1/out_s1/ova_body_c4_02/seed-1_sample-3/ova_body_c4_02_seed-1_sample-3_model.cif
ova_body_c4_02	seed-1_sample-4	0.83	0.86	0	0	0	0	0	6	A-B,A-C,A-D,B-C,B-D,C-D	4	3	1	3	2,2,2	A-B,C-D|A-C,B-D|A-D,B-C	2,5,9	1	240	48	13	0.7222222222222222	191,271,276,278,342,343,345,346,347,349,350,354,356	4	0	90.50102983237548	90.43883418542734	1.5815792344717416	1.5879779257113236	experiments/e307_c4_e303_label_reflow_af3_seed1/out_s1/ova_body_c4_02/seed-1_sample-4/ova_body_c4_02_seed-1_sample-4_model.cif
ova_body_c4_03	seed-1_sample-0	0.84	0.87	2	0	2	2	0	4	A-C,A-D,B-C,B-D	4	2	1	2	2,2	A-C,B-D|A-D,B-C	5,9	1	245	48	12	0.7058823529411765	191,271,276,278,342,343,345,346,347,349,350,354	4	0	90.99165154738748	90.92132113758146	1.5468283790082362	1.5525929756353218	experiments/e307_c4_e303_label_reflow_af3_seed1/out_s2/ova_body_c4_03/seed-1_sample-0/ova_body_c4_03_seed-1_sample-0_model.cif
ova_body_c4_03	seed-1_sample-1	0.84	0.87	0	0	0	0	0	4	A-C,A-D,B-C,B-D	4	2	1	2	2,2	A-C,B-D|A-D,B-C	5,9	1	251	46	12	0.7058823529411765	191,271,276,278,342,343,345,346,347,349,350,354	4	0	90.80357509573506	90.74510366805477	1.5206082132375893	1.529697955009695	experiments/e307_c4_e303_label_reflow_af3_seed1/out_s2/ova_body_c4_03/seed-1_sample-1/ova_body_c4_03_seed-1_sample-1_model.cif
ova_body_c4_03	seed-1_sample-2	0.84	0.87	0	0	0	0	0	6	A-B,A-C,A-D,B-C,B-D,C-D	4	3	1	3	2,2,2	A-B,C-D|A-C,B-D|A-D,B-C	1,5,9	1	251	50	12	0.7058823529411765	191,271,276,278,342,343,345,346,347,349,350,354	4	0	90.9263341661562	90.88119171814597	1.537838476609361	1.5397701081155248	experiments/e307_c4_e303_label_reflow_af3_seed1/out_s2/ova_body_c4_03/seed-1_sample-2/ova_body_c4_03_seed-1_sample-2_model.cif
ova_body_c4_03	seed-1_sample-3	0.84	0.87	0	0	0	0	0	6	A-B,A-C,A-D,B-C,B-D,C-D	4	3	1	3	2,2,2	A-B,C-D|A-C,B-D|A-D,B-C	1,5,9	1	259	50	12	0.7058823529411765	191,271,276,278,342,343,345,346,347,349,350,354	4	0	90.9292681106014	90.88129552534825	1.5684329675636874	1.5734986978653476	experiments/e307_c4_e303_label_reflow_af3_seed1/out_s2/ova_body_c4_03/seed-1_sample-3/ova_body_c4_03_seed-1_sample-3_model.cif
ova_body_c4_03	seed-1_sample-4	0.84	0.87	0	0	0	0	0	4	A-C,A-D,B-C,B-D	4	2	1	2	2,2	A-C,B-D|A-D,B-C	5,9	1	261	47	12	0.7058823529411765	191,271,276,278,342,343,345,346,347,349,350,354	4	0	91.04661916821732	91.00235765091496	1.5721278276830288	1.5789296451427204	experiments/e307_c4_e303_label_reflow_af3_seed1/out_s2/ova_body_c4_03/seed-1_sample-4/ova_body_c4_03_seed-1_sample-4_model.cif
ova_body_c4_04	seed-1_sample-0	0.84	0.86	0	0	0	0	0	4	A-C,A-D,B-C,B-D	4	2	1	2	2,2	A-C,B-D|A-D,B-C	4,8	1	237	45	11	0.6875	191,271,278,342,343,345,346,347,349,350,354	4	0	90.64544689346472	90.62295339515173	1.5580362076356673	1.5652664192102992	experiments/e307_c4_e303_label_reflow_af3_seed1/out_s3/ova_body_c4_04/seed-1_sample-0/ova_body_c4_04_seed-1_sample-0_model.cif
ova_body_c4_04	seed-1_sample-1	0.83	0.86	0	0	0	0	0	4	A-C,A-D,B-C,B-D	4	2	1	2	2,2	A-C,B-D|A-D,B-C	5,9	1	244	45	12	0.75	191,271,276,278,342,343,345,346,347,349,350,354	4	0	90.6766904277505	90.63748704584151	1.5278485647142042	1.5392310522936719	experiments/e307_c4_e303_label_reflow_af3_seed1/out_s3/ova_body_c4_04/seed-1_sample-1/ova_body_c4_04_seed-1_sample-1_model.cif
ova_body_c4_04	seed-1_sample-2	0.83	0.86	0	0	0	0	0	4	A-C,A-D,B-C,B-D	4	2	1	2	2,2	A-C,B-D|A-D,B-C	5,8	1	243	43	11	0.6875	191,271,278,342,343,345,346,347,349,350,354	4	0	90.82777194532088	90.81505165693056	1.5782421951249317	1.5903880764723766	experiments/e307_c4_e303_label_reflow_af3_seed1/out_s3/ova_body_c4_04/seed-1_sample-2/ova_body_c4_04_seed-1_sample-2_model.cif
ova_body_c4_04	seed-1_sample-3	0.84	0.86	0	0	0	0	0	6	A-B,A-C,A-D,B-C,B-D,C-D	4	3	1	3	2,2,2	A-B,C-D|A-C,B-D|A-D,B-C	2,5,8	1	257	50	12	0.75	191,271,276,278,342,343,345,346,347,349,350,354	4	0	90.71307637901504	90.67406739348574	1.5767713706469446	1.5827681928862503	experiments/e307_c4_e303_label_reflow_af3_seed1/out_s3/ova_body_c4_04/seed-1_sample-3/ova_body_c4_04_seed-1_sample-3_model.cif
ova_body_c4_04	seed-1_sample-4	0.84	0.87	0	0	0	0	0	6	A-B,A-C,A-D,B-C,B-D,C-D	4	3	1	3	2,2,2	A-B,C-D|A-C,B-D|A-D,B-C	1,4,8	1	267	50	11	0.6875	191,271,278,342,343,345,346,347,349,350,354	4	0	90.76773322555067	90.73362701297424	1.5999533799513546	1.6075032702979688	experiments/e307_c4_e303_label_reflow_af3_seed1/out_s3/ova_body_c4_04/seed-1_sample-4/ova_body_c4_04_seed-1_sample-4_model.cif
ova_body_c4_05	seed-1_sample-0	0.85	0.88	0	0	0	0	0	4	A-C,A-D,B-C,B-D	4	2	1	2	2,2	A-C,B-D|A-D,B-C	5,9	1	233	47	13	0.7222222222222222	191,271,276,278,341,342,343,345,346,347,349,350,354	4	0	90.81353628326575	90.77740941022962	1.5578693502063876	1.5647968069507678	experiments/e307_c4_e303_label_reflow_af3_seed1/out_s4/ova_body_c4_05/seed-1_sample-0/ova_body_c4_05_seed-1_sample-0_model.cif
ova_body_c4_05	seed-1_sample-1	0.85	0.87	0	0	0	0	0	4	A-C,A-D,B-C,B-D	4	2	1	2	2,2	A-C,B-D|A-D,B-C	6,8	1	239	45	12	0.6666666666666666	191,271,278,341,342,343,345,346,347,349,350,354	4	0	90.8655245785886	90.8185751821093	1.5430243635886813	1.546052042093069	experiments/e307_c4_e303_label_reflow_af3_seed1/out_s4/ova_body_c4_05/seed-1_sample-1/ova_body_c4_05_seed-1_sample-1_model.cif
ova_body_c4_05	seed-1_sample-2	0.85	0.88	4	0	4	4	0	6	A-B,A-C,A-D,B-C,B-D,C-D	4	3	1	3	2,2,2	A-B,C-D|A-C,B-D|A-D,B-C	2,5,8	1	250	51	12	0.6666666666666666	191,271,278,341,342,343,345,346,347,349,350,354	4	0	90.8665543986108	90.82357500501247	1.5946855986398476	1.598396339036039	experiments/e307_c4_e303_label_reflow_af3_seed1/out_s4/ova_body_c4_05/seed-1_sample-2/ova_body_c4_05_seed-1_sample-2_model.cif
ova_body_c4_05	seed-1_sample-3	0.85	0.87	0	0	0	0	0	4	A-C,A-D,B-C,B-D	4	2	1	2	2,2	A-C,B-D|A-D,B-C	6,8	1	236	47	12	0.6666666666666666	191,271,278,341,342,343,345,346,347,349,350,354	4	0	90.70733159317254	90.6556996656823	1.577274137753729	1.5844484778359496	experiments/e307_c4_e303_label_reflow_af3_seed1/out_s4/ova_body_c4_05/seed-1_sample-3/ova_body_c4_05_seed-1_sample-3_model.cif
ova_body_c4_05	seed-1_sample-4	0.85	0.87	0	0	0	0	0	6	A-B,A-C,A-D,B-C,B-D,C-D	4	3	1	3	2,2,2	A-B,C-D|A-C,B-D|A-D,B-C	2,6,8	1	248	49	12	0.6666666666666666	191,271,278,341,342,343,345,346,347,349,350,354	4	0	90.77781731353522	90.73468906027048	1.599759462626943	1.6073001042062471	experiments/e307_c4_e303_label_reflow_af3_seed1/out_s4/ova_body_c4_05/seed-1_sample-4/ova_body_c4_05_seed-1_sample-4_model.cif
ova_body_c4_06	seed-1_sample-0	0.83	0.86	0	0	0	0	0	6	A-B,A-C,A-D,B-C,B-D,C-D	4	3	1	3	2,2,2	A-B,C-D|A-C,B-D|A-D,B-C	2,4,9	1	245	47	11	0.6875	191,271,276,278,343,345,346,347,349,350,354	4	0	90.28876302155805	90.21334212308103	1.5466596360384717	1.550955373423982	experiments/e307_c4_e303_label_reflow_af3_seed1/out_s5/ova_body_c4_06/seed-1_sample-0/ova_body_c4_06_seed-1_sample-0_model.cif
ova_body_c4_06	seed-1_sample-1	0.83	0.86	0	0	0	0	0	6	A-B,A-C,A-D,B-C,B-D,C-D	4	3	1	3	2,2,2	A-B,C-D|A-C,B-D|A-D,B-C	2,4,9	1	252	46	11	0.6875	191,271,276,278,343,345,346,347,349,350,354	4	0	90.22819945725752	90.16207257206575	1.5082337405715354	1.5156935284843709	experiments/e307_c4_e303_label_reflow_af3_seed1/out_s5/ova_body_c4_06/seed-1_sample-1/ova_body_c4_06_seed-1_sample-1_model.cif
ova_body_c4_06	seed-1_sample-2	0.83	0.86	0	0	0	0	0	6	A-B,A-C,A-D,B-C,B-D,C-D	4	3	1	3	2,2,2	A-B,C-D|A-C,B-D|A-D,B-C	2,4,9	1	249	48	11	0.6875	191,271,276,278,343,345,346,347,349,350,354	4	0	90.42251301058833	90.3588860763787	1.5216740535538529	1.52302245785325	experiments/e307_c4_e303_label_reflow_af3_seed1/out_s5/ova_body_c4_06/seed-1_sample-2/ova_body_c4_06_seed-1_sample-2_model.cif
ova_body_c4_06	seed-1_sample-3	0.84	0.86	0	0	0	0	0	6	A-B,A-C,A-D,B-C,B-D,C-D	4	3	1	3	2,2,2	A-B,C-D|A-C,B-D|A-D,B-C	2,4,9	1	253	48	11	0.6875	191,271,276,278,343,345,346,347,349,350,354	4	0	90.46065411295915	90.41354919591716	1.555374764847305	1.5598397734650788	experiments/e307_c4_e303_label_reflow_af3_seed1/out_s5/ova_body_c4_06/seed-1_sample-3/ova_body_c4_06_seed-1_sample-3_model.cif
ova_body_c4_06	seed-1_sample-4	0.84	0.86	0	0	0	0	0	6	A-B,A-C,A-D,B-C,B-D,C-D	4	3	1	3	2,2,2	A-B,C-D|A-C,B-D|A-D,B-C	2,3,9	1	249	48	11	0.6875	191,271,276,278,343,345,346,347,349,350,354	4	0	90.57317357977436	90.50637290638346	1.5397370075187085	1.5465002979902265	experiments/e307_c4_e303_label_reflow_af3_seed1/out_s5/ova_body_c4_06/seed-1_sample-4/ova_body_c4_06_seed-1_sample-4_model.cif
ova_body_c4_07	seed-1_sample-0	0.82	0.85	0	0	0	0	0	4	A-C,A-D,B-C,B-D	4	2	1	2	2,2	A-C,B-D|A-D,B-C	4,9	1	223	46	12	0.7058823529411765	191,271,276,278,342,343,345,346,347,349,350,354	4	0	90.06288849628032	90.0038860400106	1.5577059678418477	1.5646807297993424	experiments/e307_c4_e303_label_reflow_af3_seed1/out_s6/ova_body_c4_07/seed-1_sample-0/ova_body_c4_07_seed-1_sample-0_model.cif
ova_body_c4_07	seed-1_sample-1	0.82	0.85	0	0	0	0	0	4	A-C,A-D,B-C,B-D	4	2	1	2	2,2	A-C,B-D|A-D,B-C	5,10	1	236	47	13	0.7647058823529411	191,271,276,278,342,343,345,346,347,349,350,354,356	4	0	90.02231867202205	89.96152855077555	1.5161368752426707	1.5261272401551702	experiments/e307_c4_e303_label_reflow_af3_seed1/out_s6/ova_body_c4_07/seed-1_sample-1/ova_body_c4_07_seed-1_sample-1_model.cif
ova_body_c4_07	seed-1_sample-2	0.82	0.85	0	0	0	0	0	4	A-C,A-D,B-C,B-D	4	2	1	2	2,2	A-C,B-D|A-D,B-C	5,9	1	254	49	12	0.7058823529411765	191,271,276,278,342,343,345,346,347,349,350,354	4	0	90.14863353689718	90.09538857059775	1.5649690403780119	1.5727537892204708	experiments/e307_c4_e303_label_reflow_af3_seed1/out_s6/ova_body_c4_07/seed-1_sample-2/ova_body_c4_07_seed-1_sample-2_model.cif
ova_body_c4_07	seed-1_sample-3	0.83	0.86	0	0	0	0	0	6	A-B,A-C,A-D,B-C,B-D,C-D	4	3	1	3	2,2,2	A-B,C-D|A-C,B-D|A-D,B-C	1,5,9	1	250	48	12	0.7058823529411765	191,271,276,278,342,343,345,346,347,349,350,354	4	0	90.1077784133081	90.0669688387856	1.5722351583706549	1.5782043739213332	experiments/e307_c4_e303_label_reflow_af3_seed1/out_s6/ova_body_c4_07/seed-1_sample-3/ova_body_c4_07_seed-1_sample-3_model.cif
ova_body_c4_07	seed-1_sample-4	0.83	0.86	0	0	0	0	0	6	A-B,A-C,A-D,B-C,B-D,C-D	4	3	1	3	2,2,2	A-B,C-D|A-C,B-D|A-D,B-C	1,4,8	1	257	50	11	0.6470588235294118	191,271,278,342,343,345,346,347,349,350,354	4	0	90.17801149892065	90.12924841648557	1.59517482120334	1.6027962844425323	experiments/e307_c4_e303_label_reflow_af3_seed1/out_s6/ova_body_c4_07/seed-1_sample-4/ova_body_c4_07_seed-1_sample-4_model.cif
ova_body_c4_08	seed-1_sample-0	0.84	0.87	0	0	0	0	0	6	A-B,A-C,A-D,B-C,B-D,C-D	4	3	1	3	2,2,2	A-B,C-D|A-C,B-D|A-D,B-C	1,8,5	1	234	47	12	0.6666666666666666	99,191,271,278,342,343,345,346,347,349,350,354	4	0	90.79961789333758	90.75215041205055	1.54252629030456	1.544658825279998	experiments/e307_c4_e303_label_reflow_af3_seed1/out_s7/ova_body_c4_08/seed-1_sample-0/ova_body_c4_08_seed-1_sample-0_model.cif
ova_body_c4_08	seed-1_sample-1	0.84	0.87	0	0	0	0	0	6	A-B,A-C,A-D,B-C,B-D,C-D	4	3	1	3	2,2,2	A-B,C-D|A-C,B-D|A-D,B-C	1,9,5	1	256	50	13	0.7222222222222222	99,191,271,276,278,342,343,345,346,347,349,350,354	4	0	90.70907376837854	90.66442990673639	1.5645063928692944	1.5721833336830662	experiments/e307_c4_e303_label_reflow_af3_seed1/out_s7/ova_body_c4_08/seed-1_sample-1/ova_body_c4_08_seed-1_sample-1_model.cif
ova_body_c4_08	seed-1_sample-2	0.84	0.87	0	0	0	0	0	6	A-B,A-C,A-D,B-C,B-D,C-D	4	3	1	3	2,2,2	A-B,C-D|A-C,B-D|A-D,B-C	1,8,5	1	247	50	12	0.6666666666666666	99,191,271,278,342,343,345,346,347,349,350,354	4	0	90.64629527818354	90.5824870667927	1.5448596568450557	1.5495426376883537	experiments/e307_c4_e303_label_reflow_af3_seed1/out_s7/ova_body_c4_08/seed-1_sample-2/ova_body_c4_08_seed-1_sample-2_model.cif
ova_body_c4_08	seed-1_sample-3	0.84	0.87	0	0	0	0	0	6	A-B,A-C,A-D,B-C,B-D,C-D	4	3	1	3	2,2,2	A-B,C-D|A-C,B-D|A-D,B-C	1,8,5	1	232	46	12	0.6666666666666666	99,191,271,278,342,343,345,346,347,349,350,354	4	0	90.76678098668707	90.71551826951418	1.565738988854574	1.5690740059106643	experiments/e307_c4_e303_label_reflow_af3_seed1/out_s7/ova_body_c4_08/seed-1_sample-3/ova_body_c4_08_seed-1_sample-3_model.cif
ova_body_c4_08	seed-1_sample-4	0.84	0.87	0	0	0	0	0	6	A-B,A-C,A-D,B-C,B-D,C-D	4	3	1	3	2,2,2	A-B,C-D|A-C,B-D|A-D,B-C	2,8,5	1	238	49	13	0.7222222222222222	99,191,271,276,278,342,343,345,346,347,349,350,354	4	0	90.61117225607443	90.53966328517143	1.5820909814247743	1.5976083337972533	experiments/e307_c4_e303_label_reflow_af3_seed1/out_s7/ova_body_c4_08/seed-1_sample-4/ova_body_c4_08_seed-1_sample-4_model.cif
ova_body_c4_09	seed-1_sample-0	0.84	0.87	0	0	0	0	0	4	A-C,A-D,B-C,B-D	4	2	1	2	2,2	A-C,B-D|A-D,B-C	4,8	1	244	47	11	0.6875	191,271,278,342,343,345,346,347,349,350,354	4	0	90.80141838350444	90.72769434835008	1.5468707539640238	1.5531659986805568	experiments/e307_c4_e303_label_reflow_af3_seed1/out_s0/ova_body_c4_09/seed-1_sample-0/ova_body_c4_09_seed-1_sample-0_model.cif
ova_body_c4_09	seed-1_sample-1	0.85	0.87	0	0	0	0	0	5	A-C,A-D,B-C,B-D,C-D	4	2	1	3	2,2,1	A-C,B-D|A-D,B-C|C-D	5,9,1	1	247	46	12	0.75	191,271,278,342,343,345,346,347,349,350,354,356	4	0	90.77285617620834	90.71497421066995	1.5443250125261483	1.5539314832932047	experiments/e307_c4_e303_label_reflow_af3_seed1/out_s0/ova_body_c4_09/seed-1_sample-1/ova_body_c4_09_seed-1_sample-1_model.cif
ova_body_c4_09	seed-1_sample-2	0.85	0.87	0	0	0	0	0	6	A-B,A-C,A-D,B-C,B-D,C-D	4	3	1	3	2,2,2	A-B,C-D|A-C,B-D|A-D,B-C	1,4,8	1	258	52	11	0.6875	191,271,278,342,343,345,346,347,349,350,354	4	0	90.79114641179693	90.72930051378636	1.5991258265937458	1.6049167301608678	experiments/e307_c4_e303_label_reflow_af3_seed1/out_s0/ova_body_c4_09/seed-1_sample-2/ova_body_c4_09_seed-1_sample-2_model.cif
ova_body_c4_09	seed-1_sample-3	0.85	0.87	0	0	0	0	0	6	A-B,A-C,A-D,B-C,B-D,C-D	4	3	1	3	2,2,2	A-B,C-D|A-C,B-D|A-D,B-C	1,4,8	1	250	48	11	0.6875	191,271,278,342,343,345,346,347,349,350,354	4	0	90.86729925531179	90.78624350789914	1.5686416935344591	1.574670319455004	experiments/e307_c4_e303_label_reflow_af3_seed1/out_s0/ova_body_c4_09/seed-1_sample-3/ova_body_c4_09_seed-1_sample-3_model.cif
ova_body_c4_09	seed-1_sample-4	0.85	0.87	0	0	0	0	0	6	A-B,A-C,A-D,B-C,B-D,C-D	4	3	1	3	2,2,2	A-B,C-D|A-C,B-D|A-D,B-C	1,4,8	1	244	46	11	0.6875	191,271,278,342,343,345,346,347,349,350,354	4	0	90.85219554950537	90.77515539851214	1.5864295848812666	1.593874290035553	experiments/e307_c4_e303_label_reflow_af3_seed1/out_s0/ova_body_c4_09/seed-1_sample-4/ova_body_c4_09_seed-1_sample-4_model.cif
ova_body_c4_10	seed-1_sample-0	0.84	0.86	0	0	0	0	0	4	A-C,A-D,B-C,B-D	4	2	1	2	2,2	A-C,B-D|A-D,B-C	5,10	1	233	46	14	0.7777777777777778	191,271,276,278,341,342,343,345,346,347,349,350,354,356	4	0	90.42727971941696	90.34777175824259	1.5484842090064952	1.554825506693475	experiments/e307_c4_e303_label_reflow_af3_seed1/out_s1/ova_body_c4_10/seed-1_sample-0/ova_body_c4_10_seed-1_sample-0_model.cif
ova_body_c4_10	seed-1_sample-1	0.84	0.87	1	0	1	1	0	4	A-C,A-D,B-C,B-D	4	2	1	2	2,2	A-C,B-D|A-D,B-C	5,9	1	226	48	13	0.7222222222222222	191,271,278,341,342,343,345,346,347,349,350,354,356	4	0	90.30323835975766	90.23238356990518	1.6012882075529742	1.6066673745361288	experiments/e307_c4_e303_label_reflow_af3_seed1/out_s1/ova_body_c4_10/seed-1_sample-1/ova_body_c4_10_seed-1_sample-1_model.cif
ova_body_c4_10	seed-1_sample-2	0.84	0.87	0	0	0	0	0	4	A-C,A-D,B-C,B-D	4	2	1	2	2,2	A-C,B-D|A-D,B-C	5,9	1	218	46	13	0.7222222222222222	191,271,278,341,342,343,345,346,347,349,350,354,356	4	0	90.44867225755682	90.3921760993918	1.5790954084117774	1.580193672996754	experiments/e307_c4_e303_label_reflow_af3_seed1/out_s1/ova_body_c4_10/seed-1_sample-2/ova_body_c4_10_seed-1_sample-2_model.cif
ova_body_c4_10	seed-1_sample-3	0.84	0.87	0	0	0	0	0	5	A-B,A-C,A-D,B-C,B-D	4	2	1	3	2,2,1	A-C,B-D|A-D,B-C|A-B	5,9,3	1	238	48	14	0.7777777777777778	191,271,276,278,341,342,343,345,346,347,349,350,354,356	4	0	90.56666457961879	90.49582899419755	1.5816946680673887	1.586987909518363	experiments/e307_c4_e303_label_reflow_af3_seed1/out_s1/ova_body_c4_10/seed-1_sample-3/ova_body_c4_10_seed-1_sample-3_model.cif
ova_body_c4_10	seed-1_sample-4	0.84	0.87	0	0	0	0	0	4	A-C,A-D,B-C,B-D	4	2	1	2	2,2	A-C,B-D|A-D,B-C	5,9	1	227	48	13	0.7222222222222222	191,271,278,341,342,343,345,346,347,349,350,354,356	4	0	90.47887308239319	90.40860110861033	1.5919791012520588	1.5976329353380228	experiments/e307_c4_e303_label_reflow_af3_seed1/out_s1/ova_body_c4_10/seed-1_sample-4/ova_body_c4_10_seed-1_sample-4_model.cif
ova_body_c4_11	seed-1_sample-0	0.82	0.85	0	0	0	0	0	6	A-B,A-C,A-D,B-C,B-D,C-D	4	3	1	3	2,2,2	A-B,C-D|A-C,B-D|A-D,B-C	2,9,4	1	237	45	11	0.7857142857142857	191,271,276,278,343,345,346,347,349,350,354	4	0	89.642292682371	89.59585483333608	1.5874820125045328	1.590760744761713	experiments/e307_c4_e303_label_reflow_af3_seed1/out_s2/ova_body_c4_11/seed-1_sample-0/ova_body_c4_11_seed-1_sample-0_model.cif
ova_body_c4_11	seed-1_sample-1	0.83	0.86	2	0	2	2	0	6	A-B,A-C,A-D,B-C,B-D,C-D	4	3	1	3	2,2,2	A-B,C-D|A-C,B-D|A-D,B-C	2,9,4	1	260	48	11	0.7857142857142857	191,271,276,278,343,345,346,347,349,350,354	4	0	89.77853636173387	89.7158551487898	1.6097539393571063	1.6115412695507834	experiments/e307_c4_e303_label_reflow_af3_seed1/out_s2/ova_body_c4_11/seed-1_sample-1/ova_body_c4_11_seed-1_sample-1_model.cif
ova_body_c4_11	seed-1_sample-2	0.83	0.86	0	0	0	0	0	6	A-B,A-C,A-D,B-C,B-D,C-D	4	3	1	3	2,2,2	A-B,C-D|A-C,B-D|A-D,B-C	2,9,4	1	258	48	11	0.7857142857142857	191,271,276,278,343,345,346,347,349,350,354	4	0	90.3002591231944	90.2542746944131	1.533792787228998	1.5386524174346754	experiments/e307_c4_e303_label_reflow_af3_seed1/out_s2/ova_body_c4_11/seed-1_sample-2/ova_body_c4_11_seed-1_sample-2_model.cif
ova_body_c4_11	seed-1_sample-3	0.82	0.85	0	0	0	0	0	4	A-C,A-D,B-C,B-D	4	2	1	2	2,2	A-C,B-D|A-D,B-C	9,4	1	235	43	11	0.7857142857142857	191,271,276,278,343,345,346,347,349,350,354	4	0	90.40072535233176	90.32240924934031	1.5467838117133192	1.550723247350268	experiments/e307_c4_e303_label_reflow_af3_seed1/out_s2/ova_body_c4_11/seed-1_sample-3/ova_body_c4_11_seed-1_sample-3_model.cif
ova_body_c4_11	seed-1_sample-4	0.82	0.85	0	0	0	0	0	6	A-B,A-C,A-D,B-C,B-D,C-D	4	3	1	3	2,2,2	A-B,C-D|A-C,B-D|A-D,B-C	2,9,4	1	279	53	11	0.7857142857142857	191,271,276,278,343,345,346,347,349,350,354	4	0	90.23690419864161	90.1839897472006	1.5603577677620943	1.5769014507983266	experiments/e307_c4_e303_label_reflow_af3_seed1/out_s2/ova_body_c4_11/seed-1_sample-4/ova_body_c4_11_seed-1_sample-4_model.cif
ova_body_c4_12	seed-1_sample-0	0.83	0.86	0	0	0	0	0	6	A-B,A-C,A-D,B-C,B-D,C-D	4	3	1	3	2,2,2	A-B,C-D|A-C,B-D|A-D,B-C	2,5,10	1	250	48	12	0.75	191,271,276,278,343,345,346,347,349,350,354,356	4	0	89.92366583236141	89.87945599135958	1.538094911057133	1.5441972289141765	experiments/e307_c4_e303_label_reflow_af3_seed1/out_s3/ova_body_c4_12/seed-1_sample-0/ova_body_c4_12_seed-1_sample-0_model.cif
ova_body_c4_12	seed-1_sample-1	0.83	0.86	6	0	6	6	0	6	A-B,A-C,A-D,B-C,B-D,C-D	4	3	1	3	2,2,2	A-B,C-D|A-C,B-D|A-D,B-C	2,5,10	1	260	50	12	0.75	191,271,276,278,343,345,346,347,349,350,354,356	4	0	90.13224095754673	90.098082893253	1.5469186242091886	1.5507850162396044	experiments/e307_c4_e303_label_reflow_af3_seed1/out_s3/ova_body_c4_12/seed-1_sample-1/ova_body_c4_12_seed-1_sample-1_model.cif
ova_body_c4_12	seed-1_sample-2	0.82	0.85	0	0	0	0	0	6	A-B,A-C,A-D,B-C,B-D,C-D	4	3	1	3	2,2,2	A-B,C-D|A-C,B-D|A-D,B-C	2,5,9	1	265	48	12	0.75	191,271,276,278,343,345,346,347,349,350,354,356	4	0	89.958387352642	89.91051820152164	1.5503144670833227	1.560480573577098	experiments/e307_c4_e303_label_reflow_af3_seed1/out_s3/ova_body_c4_12/seed-1_sample-2/ova_body_c4_12_seed-1_sample-2_model.cif
ova_body_c4_12	seed-1_sample-3	0.84	0.86	4	0	4	4	0	6	A-B,A-C,A-D,B-C,B-D,C-D	4	3	1	3	2,2,2	A-B,C-D|A-C,B-D|A-D,B-C	2,4,10	1	266	48	12	0.75	191,271,276,278,343,345,346,347,349,350,354,356	4	0	90.06213730481005	90.02437813912032	1.5726149826672011	1.577286577746729	experiments/e307_c4_e303_label_reflow_af3_seed1/out_s3/ova_body_c4_12/seed-1_sample-3/ova_body_c4_12_seed-1_sample-3_model.cif
ova_body_c4_12	seed-1_sample-4	0.84	0.86	0	0	0	0	0	6	A-B,A-C,A-D,B-C,B-D,C-D	4	3	1	3	2,2,2	A-B,C-D|A-C,B-D|A-D,B-C	2,5,10	1	280	54	12	0.75	191,271,276,278,343,345,346,347,349,350,354,356	4	0	89.52308287151119	89.47207258155309	1.6212502707911796	1.6266535101751054	experiments/e307_c4_e303_label_reflow_af3_seed1/out_s3/ova_body_c4_12/seed-1_sample-4/ova_body_c4_12_seed-1_sample-4_model.cif
ova_body_c4_13	seed-1_sample-0	0.85	0.87	0	0	0	0	0	4	A-C,A-D,B-C,B-D	4	2	1	2	2,2	A-C,B-D|A-D,B-C	6,10	1	253	48	14	0.7368421052631579	191,271,276,278,341,342,343,345,346,347,349,350,354,356	4	0	90.75450768001339	90.67277182939756	1.5281842706969644	1.5348815631792783	experiments/e307_c4_e303_label_reflow_af3_seed1/out_s4/ova_body_c4_13/seed-1_sample-0/ova_body_c4_13_seed-1_sample-0_model.cif
ova_body_c4_13	seed-1_sample-1	0.85	0.87	0	0	0	0	0	4	A-C,A-D,B-C,B-D	4	2	1	2	2,2	A-C,B-D|A-D,B-C	6,10	1	248	46	14	0.7368421052631579	191,271,276,278,341,342,343,345,346,347,349,350,354,356	4	0	90.66136662577101	90.61272035114506	1.5006690072366538	1.507840130074503	experiments/e307_c4_e303_label_reflow_af3_seed1/out_s4/ova_body_c4_13/seed-1_sample-1/ova_body_c4_13_seed-1_sample-1_model.cif
ova_body_c4_13	seed-1_sample-2	0.85	0.87	0	0	0	0	0	4	A-C,A-D,B-C,B-D	4	2	1	2	2,2	A-C,B-D|A-D,B-C	6,9	1	237	48	13	0.6842105263157895	191,271,276,278,341,342,343,345,346,347,349,350,354	4	0	90.80237051118841	90.73854910894997	1.5158855936311606	1.5174326589107814	experiments/e307_c4_e303_label_reflow_af3_seed1/out_s4/ova_body_c4_13/seed-1_sample-2/ova_body_c4_13_seed-1_sample-2_model.cif
ova_body_c4_13	seed-1_sample-3	0.85	0.88	0	0	0	0	0	4	A-C,A-D,B-C,B-D	4	2	1	2	2,2	A-C,B-D|A-D,B-C	7,9	1	260	49	13	0.6842105263157895	191,271,276,278,341,342,343,345,346,347,349,350,354	4	0	90.69011020907466	90.643679020936	1.5484837969665257	1.5540285460687189	experiments/e307_c4_e303_label_reflow_af3_seed1/out_s4/ova_body_c4_13/seed-1_sample-3/ova_body_c4_13_seed-1_sample-3_model.cif
ova_body_c4_13	seed-1_sample-4	0.85	0.87	0	0	0	0	0	4	A-C,A-D,B-C,B-D	4	2	1	2	2,2	A-C,B-D|A-D,B-C	6,9	1	260	49	13	0.6842105263157895	191,271,276,278,341,342,343,345,346,347,349,350,354	4	0	90.78764250364947	90.73023312820672	1.5449319518566282	1.5509739834469396	experiments/e307_c4_e303_label_reflow_af3_seed1/out_s4/ova_body_c4_13/seed-1_sample-4/ova_body_c4_13_seed-1_sample-4_model.cif
ova_body_c4_14	seed-1_sample-0	0.83	0.86	0	0	0	0	0	4	A-C,A-D,B-C,B-D	4	2	1	2	2,2	A-C,B-D|A-D,B-C	4,8	1	231	48	11	0.6875	191,271,276,278,342,345,346,347,349,350,354	4	0	90.464158003812	90.38813462529157	1.5356554843474228	1.541891329012369	experiments/e307_c4_e303_label_reflow_af3_seed1/out_s5/ova_body_c4_14/seed-1_sample-0/ova_body_c4_14_seed-1_sample-0_model.cif
ova_body_c4_14	seed-1_sample-1	0.83	0.86	0	0	0	0	0	4	A-C,A-D,B-C,B-D	4	2	1	2	2,2	A-C,B-D|A-D,B-C	4,8	1	240	47	11	0.6875	191,271,276,278,342,345,346,347,349,350,354	4	0	90.38475379054411	90.31494812644208	1.5247914897535166	1.5377045956538398	experiments/e307_c4_e303_label_reflow_af3_seed1/out_s5/ova_body_c4_14/seed-1_sample-1/ova_body_c4_14_seed-1_sample-1_model.cif
ova_body_c4_14	seed-1_sample-2	0.83	0.86	0	0	0	0	0	4	A-C,A-D,B-C,B-D	4	2	1	2	2,2	A-C,B-D|A-D,B-C	4,8	1	237	48	11	0.6875	191,271,276,278,342,345,346,347,349,350,354	4	0	90.62530446917282	90.55152871324609	1.5996304064214095	1.6082351028433395	experiments/e307_c4_e303_label_reflow_af3_seed1/out_s5/ova_body_c4_14/seed-1_sample-2/ova_body_c4_14_seed-1_sample-2_model.cif
ova_body_c4_14	seed-1_sample-3	0.83	0.86	0	0	0	0	0	6	A-B,A-C,A-D,B-C,B-D,C-D	4	3	1	3	2,2,2	A-B,C-D|A-C,B-D|A-D,B-C	1,5,7	1	253	48	10	0.625	191,271,278,342,345,346,347,349,350,354	4	0	90.43750010870899	90.36813472095548	1.5892523869747583	1.5954097379793708	experiments/e307_c4_e303_label_reflow_af3_seed1/out_s5/ova_body_c4_14/seed-1_sample-3/ova_body_c4_14_seed-1_sample-3_model.cif
ova_body_c4_14	seed-1_sample-4	0.83	0.86	0	0	0	0	0	6	A-B,A-C,A-D,B-C,B-D,C-D	4	3	1	3	2,2,2	A-B,C-D|A-C,B-D|A-D,B-C	1,4,7	1	252	50	10	0.625	191,271,278,342,345,346,347,349,350,354	4	0	90.43164520807217	90.34370470788194	1.6046629562248471	1.6120776710419888	experiments/e307_c4_e303_label_reflow_af3_seed1/out_s5/ova_body_c4_14/seed-1_sample-4/ova_body_c4_14_seed-1_sample-4_model.cif
ova_body_c4_15	seed-1_sample-0	0.86	0.88	0	0	0	0	0	4	A-C,A-D,B-C,B-D	4	2	1	2	2,2	A-C,B-D|A-D,B-C	5,10	1	233	47	14	0.7777777777777778	182,191,271,276,278,342,343,345,346,347,349,350,354,356	4	0	90.72759069432867	90.6833678626026	1.5750159517882047	1.5792809265771552	experiments/e307_c4_e303_label_reflow_af3_seed1/out_s6/ova_body_c4_15/seed-1_sample-0/ova_body_c4_15_seed-1_sample-0_model.cif
ova_body_c4_15	seed-1_sample-1	0.87	0.89	0	0	0	0	0	6	A-B,A-C,A-D,B-C,B-D,C-D	4	3	1	3	2,2,2	A-B,C-D|A-C,B-D|A-D,B-C	2,5,10	1	257	48	14	0.7777777777777778	182,191,271,276,278,342,343,345,346,347,349,350,354,356	4	0	90.45148311130741	90.39116573827872	1.638411072686261	1.6458901388641975	experiments/e307_c4_e303_label_reflow_af3_seed1/out_s6/ova_body_c4_15/seed-1_sample-1/ova_body_c4_15_seed-1_sample-1_model.cif
ova_body_c4_15	seed-1_sample-2	0.86	0.88	12	0	12	12	0	6	A-B,A-C,A-D,B-C,B-D,C-D	4	3	1	3	2,2,2	A-B,C-D|A-C,B-D|A-D,B-C	2,5,9	1	259	52	14	0.7777777777777778	182,191,271,276,278,342,343,345,346,347,349,350,354,356	4	0	90.9013471158675	90.85805697268155	1.6011355839763037	1.6101458259486876	experiments/e307_c4_e303_label_reflow_af3_seed1/out_s6/ova_body_c4_15/seed-1_sample-2/ova_body_c4_15_seed-1_sample-2_model.cif
ova_body_c4_15	seed-1_sample-3	0.87	0.89	5	0	5	5	0	6	A-B,A-C,A-D,B-C,B-D,C-D	4	3	1	3	2,2,2	A-B,C-D|A-C,B-D|A-D,B-C	2,5,9	1	256	51	14	0.7777777777777778	182,191,271,276,278,342,343,345,346,347,349,350,354,356	4	0	90.88956600149677	90.84637290084918	1.59334068723364	1.5979782172961046	experiments/e307_c4_e303_label_reflow_af3_seed1/out_s6/ova_body_c4_15/seed-1_sample-3/ova_body_c4_15_seed-1_sample-3_model.cif
ova_body_c4_15	seed-1_sample-4	0.87	0.89	0	0	0	0	0	6	A-B,A-C,A-D,B-C,B-D,C-D	4	3	1	3	2,2,2	A-B,C-D|A-C,B-D|A-D,B-C	1,5,9	1	256	50	13	0.7222222222222222	182,191,271,278,342,343,345,346,347,349,350,354,356	4	0	90.44664513138292	90.40800515604761	1.5663871245082108	1.5714694148050803	experiments/e307_c4_e303_label_reflow_af3_seed1/out_s6/ova_body_c4_15/seed-1_sample-4/ova_body_c4_15_seed-1_sample-4_model.cif
ova_body_c4_16	seed-1_sample-0	0.85	0.87	0	0	0	0	0	6	A-B,A-C,A-D,B-C,B-D,C-D	4	3	1	3	2,2,2	A-B,C-D|A-C,B-D|A-D,B-C	1,9,5	1	242	49	13	0.7222222222222222	99,191,271,278,342,343,345,346,347,349,350,354,356	4	0	90.8323510792589	90.79054419364336	1.572479195219104	1.5763047784278825	experiments/e307_c4_e303_label_reflow_af3_seed1/out_s7/ova_body_c4_16/seed-1_sample-0/ova_body_c4_16_seed-1_sample-0_model.cif
ova_body_c4_16	seed-1_sample-1	0.85	0.87	0	0	0	0	0	6	A-B,A-C,A-D,B-C,B-D,C-D	4	3	1	3	2,2,2	A-B,C-D|A-C,B-D|A-D,B-C	1,9,5	1	245	49	13	0.7222222222222222	99,191,271,278,342,343,345,346,347,349,350,354,356	4	0	90.65613328607589	90.62670982439901	1.6082077135666994	1.6151757107774831	experiments/e307_c4_e303_label_reflow_af3_seed1/out_s7/ova_body_c4_16/seed-1_sample-1/ova_body_c4_16_seed-1_sample-1_model.cif
ova_body_c4_16	seed-1_sample-2	0.85	0.87	0	0	0	0	0	6	A-B,A-C,A-D,B-C,B-D,C-D	4	3	1	3	2,2,2	A-B,C-D|A-C,B-D|A-D,B-C	1,9,5	1	253	52	13	0.7222222222222222	99,191,271,278,342,343,345,346,347,349,350,354,356	4	0	90.64136009512788	90.59958540960915	1.5672349634577274	1.5731835289168605	experiments/e307_c4_e303_label_reflow_af3_seed1/out_s7/ova_body_c4_16/seed-1_sample-2/ova_body_c4_16_seed-1_sample-2_model.cif
ova_body_c4_16	seed-1_sample-3	0.85	0.87	0	0	0	0	0	6	A-B,A-C,A-D,B-C,B-D,C-D	4	3	1	3	2,2,2	A-B,C-D|A-C,B-D|A-D,B-C	1,9,5	1	235	49	13	0.7222222222222222	99,191,271,278,342,343,345,346,347,349,350,354,356	4	0	90.73689767610225	90.69958546495191	1.5850652331472301	1.5873814745624972	experiments/e307_c4_e303_label_reflow_af3_seed1/out_s7/ova_body_c4_16/seed-1_sample-3/ova_body_c4_16_seed-1_sample-3_model.cif
ova_body_c4_16	seed-1_sample-4	0.85	0.87	0	0	0	0	0	6	A-B,A-C,A-D,B-C,B-D,C-D	4	3	1	3	2,2,2	A-B,C-D|A-C,B-D|A-D,B-C	2,9,5	1	254	53	14	0.7777777777777778	99,191,271,276,278,342,343,345,346,347,349,350,354,356	4	0	90.53483155601383	90.48212442743963	1.607885974131703	1.6240036999230087	experiments/e307_c4_e303_label_reflow_af3_seed1/out_s7/ova_body_c4_16/seed-1_sample-4/ova_body_c4_16_seed-1_sample-4_model.cif
ova_body_c4_17	seed-1_sample-0	0.82	0.85	0	0	0	0	0	6	A-B,A-C,A-D,B-C,B-D,C-D	4	3	1	3	2,2,2	A-B,C-D|A-C,B-D|A-D,B-C	2,9,7	1	242	48	13	0.6842105263157895	99,191,271,276,278,342,343,345,346,347,349,350,354	4	0	90.01633413097402	89.98233143900343	1.5276668850284643	1.5294377270073687	experiments/e307_c4_e303_label_reflow_af3_seed1/out_s0/ova_body_c4_17/seed-1_sample-0/ova_body_c4_17_seed-1_sample-0_model.cif
ova_body_c4_17	seed-1_sample-1	0.82	0.85	0	0	0	0	0	6	A-B,A-C,A-D,B-C,B-D,C-D	4	3	1	3	2,2,2	A-B,C-D|A-C,B-D|A-D,B-C	2,9,6	1	254	49	13	0.6842105263157895	99,191,271,276,278,342,343,345,346,347,349,350,354	4	0	89.86811529663561	89.8418393900975	1.5585991619823805	1.5636435965233864	experiments/e307_c4_e303_label_reflow_af3_seed1/out_s0/ova_body_c4_17/seed-1_sample-1/ova_body_c4_17_seed-1_sample-1_model.cif
ova_body_c4_17	seed-1_sample-2	0.82	0.85	0	0	0	0	0	6	A-B,A-C,A-D,B-C,B-D,C-D	4	3	1	3	2,2,2	A-B,C-D|A-C,B-D|A-D,B-C	2,9,6	1	257	51	13	0.6842105263157895	99,191,271,276,278,342,343,345,346,347,349,350,354	4	0	89.89139258429176	89.86163227298717	1.541165091746222	1.54573563067547	experiments/e307_c4_e303_label_reflow_af3_seed1/out_s0/ova_body_c4_17/seed-1_sample-2/ova_body_c4_17_seed-1_sample-2_model.cif
ova_body_c4_17	seed-1_sample-3	0.82	0.85	0	0	0	0	0	6	A-B,A-C,A-D,B-C,B-D,C-D	4	3	1	3	2,2,2	A-B,C-D|A-C,B-D|A-D,B-C	2,9,6	1	246	49	13	0.6842105263157895	99,191,271,276,278,342,343,345,346,347,349,350,354	4	0	89.91852987368489	89.88453388708243	1.5614076284880378	1.5655651981631662	experiments/e307_c4_e303_label_reflow_af3_seed1/out_s0/ova_body_c4_17/seed-1_sample-3/ova_body_c4_17_seed-1_sample-3_model.cif
ova_body_c4_17	seed-1_sample-4	0.82	0.85	0	0	0	0	0	6	A-B,A-C,A-D,B-C,B-D,C-D	4	3	1	3	2,2,2	A-B,C-D|A-C,B-D|A-D,B-C	2,9,6	1	249	50	13	0.6842105263157895	99,191,271,276,278,342,343,345,346,347,349,350,354	4	0	89.86746115017431	89.8420725017014	1.5643543586502426	1.5798926076217967	experiments/e307_c4_e303_label_reflow_af3_seed1/out_s0/ova_body_c4_17/seed-1_sample-4/ova_body_c4_17_seed-1_sample-4_model.cif
ova_body_c4_18	seed-1_sample-0	0.83	0.85	0	0	0	0	0	4	A-C,A-D,B-C,B-D	4	2	1	2	2,2	A-C,B-D|A-D,B-C	4,9	1	237	48	11	0.7333333333333333	191,271,276,278,343,345,346,347,349,350,354	4	0	90.41256483354717	90.33836813417741	1.5596377731022462	1.5647450668822867	experiments/e307_c4_e303_label_reflow_af3_seed1/out_s1/ova_body_c4_18/seed-1_sample-0/ova_body_c4_18_seed-1_sample-0_model.cif
ova_body_c4_18	seed-1_sample-1	0.82	0.85	0	0	0	0	0	6	A-B,A-C,A-D,B-C,B-D,C-D	4	3	1	3	2,2,2	A-B,C-D|A-C,B-D|A-D,B-C	2,4,9	1	256	47	11	0.7333333333333333	191,271,276,278,343,345,346,347,349,350,354	4	0	90.1419105900384	90.08875633397868	1.5235292025157505	1.5322074732518571	experiments/e307_c4_e303_label_reflow_af3_seed1/out_s1/ova_body_c4_18/seed-1_sample-1/ova_body_c4_18_seed-1_sample-1_model.cif
ova_body_c4_18	seed-1_sample-2	0.82	0.85	0	0	0	0	0	6	A-B,A-C,A-D,B-C,B-D,C-D	4	3	1	3	2,2,2	A-B,C-D|A-C,B-D|A-D,B-C	1,4,9	1	267	52	11	0.7333333333333333	191,271,276,278,343,345,346,347,349,350,354	4	0	90.29112059094128	90.24740938572069	1.5878557183782127	1.59210098967857	experiments/e307_c4_e303_label_reflow_af3_seed1/out_s1/ova_body_c4_18/seed-1_sample-2/ova_body_c4_18_seed-1_sample-2_model.cif
ova_body_c4_18	seed-1_sample-3	0.83	0.85	0	0	0	0	0	6	A-B,A-C,A-D,B-C,B-D,C-D	4	3	1	3	2,2,2	A-B,C-D|A-C,B-D|A-D,B-C	2,4,9	1	252	51	11	0.7333333333333333	191,271,276,278,343,345,346,347,349,350,354	4	0	90.37670979722176	90.33813461738546	1.5724991989236627	1.5759255961713685	experiments/e307_c4_e303_label_reflow_af3_seed1/out_s1/ova_body_c4_18/seed-1_sample-3/ova_body_c4_18_seed-1_sample-3_model.cif
ova_body_c4_18	seed-1_sample-4	0.82	0.85	0	0	0	0	0	6	A-B,A-C,A-D,B-C,B-D,C-D	4	3	1	3	2,2,2	A-B,C-D|A-C,B-D|A-D,B-C	2,4,9	1	270	53	11	0.7333333333333333	191,271,276,278,343,345,346,347,349,350,354	4	0	90.23540808623319	90.17531098479434	1.5820948462541993	1.5879597073633571	experiments/e307_c4_e303_label_reflow_af3_seed1/out_s1/ova_body_c4_18/seed-1_sample-4/ova_body_c4_18_seed-1_sample-4_model.cif
ova_body_c4_19	seed-1_sample-0	0.85	0.87	0	0	0	0	0	6	A-B,A-C,A-D,B-C,B-D,C-D	4	3	1	3	2,2,2	A-B,C-D|A-C,B-D|A-D,B-C	3,9,4	1	244	49	14	0.7777777777777778	191,271,276,278,341,342,343,345,346,347,349,350,354,356	4	0	90.37444290843035	90.3239118842881	1.5680266827421578	1.5746865023681655	experiments/e307_c4_e303_label_reflow_af3_seed1/out_s2/ova_body_c4_19/seed-1_sample-0/ova_body_c4_19_seed-1_sample-0_model.cif
ova_body_c4_19	seed-1_sample-1	0.85	0.87	4	0	4	4	0	6	A-B,A-C,A-D,B-C,B-D,C-D	4	3	1	3	2,2,2	A-B,C-D|A-C,B-D|A-D,B-C	3,9,4	1	238	47	14	0.7777777777777778	191,271,276,278,341,342,343,345,346,347,349,350,354,356	4	0	90.43824475293333	90.40909311561387	1.5860878086263497	1.5942706386096823	experiments/e307_c4_e303_label_reflow_af3_seed1/out_s2/ova_body_c4_19/seed-1_sample-1/ova_body_c4_19_seed-1_sample-1_model.cif
ova_body_c4_19	seed-1_sample-2	0.85	0.87	0	0	0	0	0	6	A-B,A-C,A-D,B-C,B-D,C-D	4	3	1	3	2,2,2	A-B,C-D|A-C,B-D|A-D,B-C	3,9,4	1	246	52	14	0.7777777777777778	191,271,276,278,341,342,343,345,346,347,349,350,354,356	4	0	90.2904857526789	90.2581347430926	1.5639344509669821	1.5691553039488797	experiments/e307_c4_e303_label_reflow_af3_seed1/out_s2/ova_body_c4_19/seed-1_sample-2/ova_body_c4_19_seed-1_sample-2_model.cif
ova_body_c4_19	seed-1_sample-3	0.85	0.87	0	0	0	0	0	6	A-B,A-C,A-D,B-C,B-D,C-D	4	3	1	3	2,2,2	A-B,C-D|A-C,B-D|A-D,B-C	3,9,4	1	231	48	14	0.7777777777777778	191,271,276,278,341,342,343,345,346,347,349,350,354,356	4	0	90.4074028983635	90.3730311023139	1.5801386647583948	1.5822949175041738	experiments/e307_c4_e303_label_reflow_af3_seed1/out_s2/ova_body_c4_19/seed-1_sample-3/ova_body_c4_19_seed-1_sample-3_model.cif
ova_body_c4_19	seed-1_sample-4	0.84	0.87	0	0	0	0	0	6	A-B,A-C,A-D,B-C,B-D,C-D	4	3	1	3	2,2,2	A-B,C-D|A-C,B-D|A-D,B-C	3,9,4	1	250	53	14	0.7777777777777778	191,271,276,278,341,342,343,345,346,347,349,350,354,356	4	0	89.99193010429026	89.96567359489481	1.5990736745394274	1.6107716045128546	experiments/e307_c4_e303_label_reflow_af3_seed1/out_s2/ova_body_c4_19/seed-1_sample-4/ova_body_c4_19_seed-1_sample-4_model.cif
ova_body_c4_20	seed-1_sample-0	0.83	0.86	0	0	0	0	0	4	A-C,A-D,B-C,B-D	4	2	1	2	2,2	A-C,B-D|A-D,B-C	5,10	1	243	47	13	0.7647058823529411	191,271,276,278,342,343,345,346,347,349,350,354,356	4	0	90.41220847559717	90.3394041802599	1.5344455297662953	1.5404666232734097	experiments/e307_c4_e303_label_reflow_af3_seed1/out_s3/ova_body_c4_20/seed-1_sample-0/ova_body_c4_20_seed-1_sample-0_model.cif
ova_body_c4_20	seed-1_sample-1	0.83	0.86	0	0	0	0	0	6	A-B,A-C,A-D,B-C,B-D,C-D	4	3	1	3	2,2,2	A-B,C-D|A-C,B-D|A-D,B-C	2,5,9	1	261	50	12	0.7058823529411765	191,271,276,278,342,343,345,346,347,349,350,354	4	0	90.33186529090368	90.29119163473653	1.5140567132977572	1.5218219909570914	experiments/e307_c4_e303_label_reflow_af3_seed1/out_s3/ova_body_c4_20/seed-1_sample-1/ova_body_c4_20_seed-1_sample-1_model.cif
ova_body_c4_20	seed-1_sample-2	0.83	0.86	0	0	0	0	0	6	A-B,A-C,A-D,B-C,B-D,C-D	4	3	1	3	2,2,2	A-B,C-D|A-C,B-D|A-D,B-C	2,5,9	1	253	46	12	0.7058823529411765	191,271,276,278,342,343,345,346,347,349,350,354	4	0	90.43513594266665	90.40160613974142	1.567778138667529	1.5790374611867324	experiments/e307_c4_e303_label_reflow_af3_seed1/out_s3/ova_body_c4_20/seed-1_sample-2/ova_body_c4_20_seed-1_sample-2_model.cif
ova_body_c4_20	seed-1_sample-3	0.83	0.86	0	0	0	0	0	6	A-B,A-C,A-D,B-C,B-D,C-D	4	3	1	3	2,2,2	A-B,C-D|A-C,B-D|A-D,B-C	2,5,9	1	251	49	12	0.7058823529411765	191,271,276,278,342,343,345,346,347,349,350,354	4	0	90.40249350898624	90.37007752848413	1.5575520819596393	1.5630567641827704	experiments/e307_c4_e303_label_reflow_af3_seed1/out_s3/ova_body_c4_20/seed-1_sample-3/ova_body_c4_20_seed-1_sample-3_model.cif
ova_body_c4_20	seed-1_sample-4	0.84	0.86	0	0	0	0	0	6	A-B,A-C,A-D,B-C,B-D,C-D	4	3	1	3	2,2,2	A-B,C-D|A-C,B-D|A-D,B-C	2,4,8	1	246	48	12	0.7058823529411765	191,271,276,278,342,343,345,346,347,349,350,354	4	0	90.59621765205897	90.55163227338247	1.56367736663959	1.5704962898071486	experiments/e307_c4_e303_label_reflow_af3_seed1/out_s3/ova_body_c4_20/seed-1_sample-4/ova_body_c4_20_seed-1_sample-4_model.cif
ova_body_c4_21	seed-1_sample-0	0.82	0.85	0	0	0	0	0	6	A-B,A-C,A-D,B-C,B-D,C-D	4	3	1	3	2,2,2	A-B,C-D|A-C,B-D|A-D,B-C	2,4,9	1	244	47	11	0.6470588235294118	191,271,276,278,343,345,346,347,349,350,354	4	0	90.18433941954775	90.09357507735336	1.542218536963308	1.546816358270821	experiments/e307_c4_e303_label_reflow_af3_seed1/out_s4/ova_body_c4_21/seed-1_sample-0/ova_body_c4_21_seed-1_sample-0_model.cif
ova_body_c4_21	seed-1_sample-1	0.82	0.85	0	0	0	0	0	6	A-B,A-C,A-D,B-C,B-D,C-D	4	3	1	3	2,2,2	A-B,C-D|A-C,B-D|A-D,B-C	2,4,9	1	253	48	11	0.6470588235294118	191,271,276,278,343,345,346,347,349,350,354	4	0	90.14529136796072	90.0819171648569	1.5125116853657703	1.518759362903513	experiments/e307_c4_e303_label_reflow_af3_seed1/out_s4/ova_body_c4_21/seed-1_sample-1/ova_body_c4_21_seed-1_sample-1_model.cif
ova_body_c4_21	seed-1_sample-2	0.82	0.85	0	0	0	0	0	6	A-B,A-C,A-D,B-C,B-D,C-D	4	3	1	3	2,2,2	A-B,C-D|A-C,B-D|A-D,B-C	2,4,9	1	264	47	11	0.6470588235294118	191,271,276,278,343,345,346,347,349,350,354	4	0	90.24443648392672	90.19437813635317	1.550650889710151	1.5620008849424514	experiments/e307_c4_e303_label_reflow_af3_seed1/out_s4/ova_body_c4_21/seed-1_sample-2/ova_body_c4_21_seed-1_sample-2_model.cif
ova_body_c4_21	seed-1_sample-3	0.83	0.85	0	0	0	0	0	6	A-B,A-C,A-D,B-C,B-D,C-D	4	3	1	3	2,2,2	A-B,C-D|A-C,B-D|A-D,B-C	2,4,9	1	247	49	11	0.6470588235294118	191,271,276,278,343,345,346,347,349,350,354	4	0	90.22845850830868	90.18007772574153	1.5532475184558332	1.5575037365842201	experiments/e307_c4_e303_label_reflow_af3_seed1/out_s4/ova_body_c4_21/seed-1_sample-3/ova_body_c4_21_seed-1_sample-3_model.cif
ova_body_c4_21	seed-1_sample-4	0.82	0.85	2	0	2	0	0	6	A-B,A-C,A-D,B-C,B-D,C-D	4	3	1	3	2,2,2	A-B,C-D|A-C,B-D|A-D,B-C	2,4,9	1	257	47	11	0.6470588235294118	191,271,276,278,343,345,346,347,349,350,354	4	0	90.26148963592213	90.18367852324648	1.5264761704433896	1.5332226137289657	experiments/e307_c4_e303_label_reflow_af3_seed1/out_s4/ova_body_c4_21/seed-1_sample-4/ova_body_c4_21_seed-1_sample-4_model.cif
ova_body_c4_22	seed-1_sample-0	0.85	0.87	0	0	0	0	0	4	A-C,A-D,B-C,B-D	4	2	1	2	2,2	A-C,B-D|A-D,B-C	5,8	1	236	46	12	0.75	191,271,278,341,342,343,345,346,347,349,350,354	4	0	90.84645725655432	90.75520719024183	1.549314967937835	1.5557532721713008	experiments/e307_c4_e303_label_reflow_af3_seed1/out_s5/ova_body_c4_22/seed-1_sample-0/ova_body_c4_22_seed-1_sample-0_model.cif
ova_body_c4_22	seed-1_sample-1	0.84	0.87	0	0	0	0	0	4	A-C,A-D,B-C,B-D	4	2	1	2	2,2	A-C,B-D|A-D,B-C	6,8	1	234	43	12	0.75	191,271,278,341,342,343,345,346,347,349,350,354	4	0	90.77349096752819	90.68388607835523	1.538596526081135	1.5502768156435378	experiments/e307_c4_e303_label_reflow_af3_seed1/out_s5/ova_body_c4_22/seed-1_sample-1/ova_body_c4_22_seed-1_sample-1_model.cif
ova_body_c4_22	seed-1_sample-2	0.84	0.87	0	0	0	0	0	6	A-B,A-C,A-D,B-C,B-D,C-D	4	3	1	3	2,2,2	A-B,C-D|A-C,B-D|A-D,B-C	2,6,8	1	260	50	12	0.75	191,271,278,341,342,343,345,346,347,349,350,354	4	0	90.77822537743366	90.6949221457842	1.596098389669924	1.600897151204761	experiments/e307_c4_e303_label_reflow_af3_seed1/out_s5/ova_body_c4_22/seed-1_sample-2/ova_body_c4_22_seed-1_sample-2_model.cif
ova_body_c4_22	seed-1_sample-3	0.84	0.87	0	0	0	0	0	4	A-C,A-D,B-C,B-D	4	2	1	2	2,2	A-C,B-D|A-D,B-C	7,8	1	254	47	12	0.75	191,271,278,341,342,343,345,346,347,349,350,354	4	0	90.85999346026485	90.76277204128127	1.5605184078108203	1.5653464104259958	experiments/e307_c4_e303_label_reflow_af3_seed1/out_s5/ova_body_c4_22/seed-1_sample-3/ova_body_c4_22_seed-1_sample-3_model.cif
ova_body_c4_22	seed-1_sample-4	0.84	0.87	1	0	1	1	0	6	A-B,A-C,A-D,B-C,B-D,C-D	4	3	1	3	2,2,2	A-B,C-D|A-C,B-D|A-D,B-C	2,5,8	1	259	49	12	0.75	191,271,278,341,342,343,345,346,347,349,350,354	4	0	90.74229913672016	90.64733161333311	1.6070124255351512	1.6140094858434004	experiments/e307_c4_e303_label_reflow_af3_seed1/out_s5/ova_body_c4_22/seed-1_sample-4/ova_body_c4_22_seed-1_sample-4_model.cif
ova_body_c4_23	seed-1_sample-0	0.81	0.85	0	0	0	0	0	4	A-C,A-D,B-C,B-D	4	2	1	2	2,2	A-C,B-D|A-D,B-C	5,9	1	237	48	12	0.7058823529411765	191,271,276,278,341,343,345,346,347,349,350,354	4	0	90.13537566525949	90.03479289514414	1.5328599555442872	1.5384634073340664	experiments/e307_c4_e303_label_reflow_af3_seed1/out_s6/ova_body_c4_23/seed-1_sample-0/ova_body_c4_23_seed-1_sample-0_model.cif
ova_body_c4_23	seed-1_sample-1	0.82	0.85	0	0	0	0	0	4	A-C,A-D,B-C,B-D	4	2	1	2	2,2	A-C,B-D|A-D,B-C	5,9	1	237	44	12	0.7058823529411765	191,271,276,278,341,343,345,346,347,349,350,354	4	0	89.5882771595772	89.49199468978328	1.5480767738370702	1.5540413899070178	experiments/e307_c4_e303_label_reflow_af3_seed1/out_s6/ova_body_c4_23/seed-1_sample-1/ova_body_c4_23_seed-1_sample-1_model.cif
ova_body_c4_23	seed-1_sample-2	0.83	0.86	0	0	0	0	0	4	A-C,A-D,B-C,B-D	4	2	1	2	2,2	A-C,B-D|A-D,B-C	4,9	1	250	49	12	0.7058823529411765	191,271,276,278,341,343,345,346,347,349,350,354	4	0	90.43323847419857	90.33974119789242	1.519687863140972	1.5207183669584954	experiments/e307_c4_e303_label_reflow_af3_seed1/out_s6/ova_body_c4_23/seed-1_sample-2/ova_body_c4_23_seed-1_sample-2_model.cif
ova_body_c4_23	seed-1_sample-3	0.82	0.85	0	0	0	0	0	4	A-C,A-D,B-C,B-D	4	2	1	2	2,2	A-C,B-D|A-D,B-C	5,9	1	244	48	12	0.7058823529411765	191,271,276,278,341,343,345,346,347,349,350,354	4	0	90.19856217488106	90.12518137600756	1.5350013945621952	1.5405411223506222	experiments/e307_c4_e303_label_reflow_af3_seed1/out_s6/ova_body_c4_23/seed-1_sample-3/ova_body_c4_23_seed-1_sample-3_model.cif
ova_body_c4_23	seed-1_sample-4	0.83	0.86	0	0	0	0	0	4	A-C,A-D,B-C,B-D	4	2	1	2	2,2	A-C,B-D|A-D,B-C	6,8	1	243	45	11	0.6470588235294118	191,271,278,341,343,345,346,347,349,350,354	4	0	89.84164506289626	89.75173585526066	1.538539623641738	1.543906490081496	experiments/e307_c4_e303_label_reflow_af3_seed1/out_s6/ova_body_c4_23/seed-1_sample-4/ova_body_c4_23_seed-1_sample-4_model.cif
ova_body_c4_24	seed-1_sample-0	0.84	0.87	0	0	0	0	0	6	A-B,A-C,A-D,B-C,B-D,C-D	4	3	1	3	2,2,2	A-B,C-D|A-C,B-D|A-D,B-C	2,5,9	1	250	47	12	0.8	191,271,276,278,342,343,345,346,347,349,350,354	4	0	90.62821249146536	90.55725393147048	1.555465658640086	1.5626286690352125	experiments/e307_c4_e303_label_reflow_af3_seed1/out_s7/ova_body_c4_24/seed-1_sample-0/ova_body_c4_24_seed-1_sample-0_model.cif
ova_body_c4_24	seed-1_sample-1	0.84	0.87	0	0	0	0	0	6	A-B,A-C,A-D,B-C,B-D,C-D	4	3	1	3	2,2,2	A-B,C-D|A-C,B-D|A-D,B-C	2,5,9	1	254	46	12	0.8	191,271,276,278,342,343,345,346,347,349,350,354	4	0	90.7244753985825	90.63577720167723	1.5278132912498918	1.534715460103991	experiments/e307_c4_e303_label_reflow_af3_seed1/out_s7/ova_body_c4_24/seed-1_sample-1/ova_body_c4_24_seed-1_sample-1_model.cif
ova_body_c4_24	seed-1_sample-2	0.84	0.87	0	0	0	0	0	6	A-B,A-C,A-D,B-C,B-D,C-D	4	3	1	3	2,2,2	A-B,C-D|A-C,B-D|A-D,B-C	2,5,9	1	250	45	12	0.8	191,271,276,278,342,343,345,346,347,349,350,354	4	0	90.90794042231505	90.83437838579088	1.5721211250735732	1.5827044373475967	experiments/e307_c4_e303_label_reflow_af3_seed1/out_s7/ova_body_c4_24/seed-1_sample-2/ova_body_c4_24_seed-1_sample-2_model.cif
ova_body_c4_24	seed-1_sample-3	0.84	0.87	0	0	0	0	0	6	A-B,A-C,A-D,B-C,B-D,C-D	4	3	1	3	2,2,2	A-B,C-D|A-C,B-D|A-D,B-C	2,5,9	1	262	50	12	0.8	191,271,276,278,342,343,345,346,347,349,350,354	4	0	90.68582243252294	90.61914491406377	1.5678484581855103	1.5733110783210789	experiments/e307_c4_e303_label_reflow_af3_seed1/out_s7/ova_body_c4_24/seed-1_sample-3/ova_body_c4_24_seed-1_sample-3_model.cif
ova_body_c4_24	seed-1_sample-4	0.84	0.87	0	0	0	0	0	6	A-B,A-C,A-D,B-C,B-D,C-D	4	3	1	3	2,2,2	A-B,C-D|A-C,B-D|A-D,B-C	2,5,9	1	276	51	12	0.8	191,271,276,278,342,343,345,346,347,349,350,354	4	0	90.60909316206227	90.55468890333422	1.5957309075823676	1.6032731103641964	experiments/e307_c4_e303_label_reflow_af3_seed1/out_s7/ova_body_c4_24/seed-1_sample-4/ova_body_c4_24_seed-1_sample-4_model.cif
ova_body_c4_25	seed-1_sample-0	0.86	0.88	0	0	0	0	0	4	A-C,A-D,B-C,B-D	4	2	1	2	2,2	A-C,B-D|A-D,B-C	5,8	1	237	47	13	0.7647058823529411	182,191,271,276,278,342,343,345,346,347,349,350,354	4	0	90.91042111451144	90.85559593951764	1.5376167591319152	1.545711529496766	experiments/e307_c4_e303_label_reflow_af3_seed1/out_s0/ova_body_c4_25/seed-1_sample-0/ova_body_c4_25_seed-1_sample-0_model.cif
ova_body_c4_25	seed-1_sample-1	0.86	0.88	0	0	0	0	0	6	A-B,A-C,A-D,B-C,B-D,C-D	4	3	1	3	2,2,2	A-B,C-D|A-C,B-D|A-D,B-C	2,6,9	1	259	51	13	0.7647058823529411	182,191,271,276,278,342,343,345,346,347,349,350,354	4	0	90.95976675606762	90.85880821109436	1.5275881155129347	1.534985187153656	experiments/e307_c4_e303_label_reflow_af3_seed1/out_s0/ova_body_c4_25/seed-1_sample-1/ova_body_c4_25_seed-1_sample-1_model.cif
ova_body_c4_25	seed-1_sample-2	0.86	0.88	0	0	0	0	0	4	A-C,A-D,B-C,B-D	4	2	1	2	2,2	A-C,B-D|A-D,B-C	5,8	1	236	47	12	0.7058823529411765	182,191,271,278,342,343,345,346,347,349,350,354	4	0	91.07006478186099	90.99940416602891	1.5623478247515399	1.573087435554695	experiments/e307_c4_e303_label_reflow_af3_seed1/out_s0/ova_body_c4_25/seed-1_sample-2/ova_body_c4_25_seed-1_sample-2_model.cif
ova_body_c4_25	seed-1_sample-3	0.86	0.88	0	0	0	0	0	6	A-B,A-C,A-D,B-C,B-D,C-D	4	3	1	3	2,2,2	A-B,C-D|A-C,B-D|A-D,B-C	1,6,8	1	250	48	12	0.7058823529411765	182,191,271,278,342,343,345,346,347,349,350,354	4	0	90.89302461258488	90.82375646996374	1.5657210096070828	1.5716918904963042	experiments/e307_c4_e303_label_reflow_af3_seed1/out_s0/ova_body_c4_25/seed-1_sample-3/ova_body_c4_25_seed-1_sample-3_model.cif
ova_body_c4_25	seed-1_sample-4	0.86	0.88	0	0	0	0	0	6	A-B,A-C,A-D,B-C,B-D,C-D	4	3	1	3	2,2,2	A-B,C-D|A-C,B-D|A-D,B-C	1,5,8	1	257	50	12	0.7058823529411765	182,191,271,278,342,343,345,346,347,349,350,354	4	0	91.02572543633417	90.98349747138937	1.589119618106586	1.5965940976880604	experiments/e307_c4_e303_label_reflow_af3_seed1/out_s0/ova_body_c4_25/seed-1_sample-4/ova_body_c4_25_seed-1_sample-4_model.cif
ova_body_c4_26	seed-1_sample-0	0.85	0.87	0	0	0	0	0	4	A-C,A-D,B-C,B-D	4	2	1	2	2,2	A-C,B-D|A-D,B-C	6,9	1	241	48	13	0.7647058823529411	191,271,276,278,341,342,343,345,346,347,349,350,354	4	0	91.06961145302174	91.00414520224142	1.5527712816331358	1.5585318663639498	experiments/e307_c4_e303_label_reflow_af3_seed1/out_s1/ova_body_c4_26/seed-1_sample-0/ova_body_c4_26_seed-1_sample-0_model.cif
ova_body_c4_26	seed-1_sample-1	0.84	0.87	0	0	0	0	0	4	A-C,A-D,B-C,B-D	4	2	1	2	2,2	A-C,B-D|A-D,B-C	6,9	1	241	46	13	0.7647058823529411	191,271,276,278,341,342,343,345,346,347,349,350,354	4	0	90.920861451737	90.8762436209565	1.5274997455028367	1.5356317647780637	experiments/e307_c4_e303_label_reflow_af3_seed1/out_s1/ova_body_c4_26/seed-1_sample-1/ova_body_c4_26_seed-1_sample-1_model.cif
ova_body_c4_26	seed-1_sample-2	0.85	0.88	0	0	0	0	0	6	A-B,A-C,A-D,B-C,B-D,C-D	4	3	1	3	2,2,2	A-B,C-D|A-C,B-D|A-D,B-C	2,6,9	1	270	54	13	0.7647058823529411	191,271,276,278,341,342,343,345,346,347,349,350,354	4	0	91.0474934997954	91.00608793070897	1.567597659701623	1.5687288216384712	experiments/e307_c4_e303_label_reflow_af3_seed1/out_s1/ova_body_c4_26/seed-1_sample-2/ova_body_c4_26_seed-1_sample-2_model.cif
ova_body_c4_26	seed-1_sample-3	0.85	0.88	0	0	0	0	0	4	A-C,A-D,B-C,B-D	4	2	1	2	2,2	A-C,B-D|A-D,B-C	7,9	1	260	50	13	0.7647058823529411	191,271,276,278,341,342,343,345,346,347,349,350,354	4	0	91.04180693008739	91.00761649769206	1.5724229390445437	1.5779161938607111	experiments/e307_c4_e303_label_reflow_af3_seed1/out_s1/ova_body_c4_26/seed-1_sample-3/ova_body_c4_26_seed-1_sample-3_model.cif
ova_body_c4_26	seed-1_sample-4	0.84	0.87	0	0	0	0	0	4	A-C,A-D,B-C,B-D	4	2	1	2	2,2	A-C,B-D|A-D,B-C	7,9	1	252	47	13	0.7647058823529411	191,271,276,278,341,342,343,345,346,347,349,350,354	4	0	91.04360752896324	90.99054393867137	1.576317919045723	1.5829236177233337	experiments/e307_c4_e303_label_reflow_af3_seed1/out_s1/ova_body_c4_26/seed-1_sample-4/ova_body_c4_26_seed-1_sample-4_model.cif
ova_body_c4_27	seed-1_sample-0	0.83	0.85	0	0	0	0	0	6	A-B,A-C,A-D,B-C,B-D,C-D	4	3	1	3	2,2,2	A-B,C-D|A-C,B-D|A-D,B-C	2,9,4	1	261	46	11	0.6875	191,271,276,278,343,345,346,347,349,350,354	4	0	89.61904140086989	89.59551810229998	1.5787737714988705	1.5812334211111838	experiments/e307_c4_e303_label_reflow_af3_seed1/out_s2/ova_body_c4_27/seed-1_sample-0/ova_body_c4_27_seed-1_sample-0_model.cif
ova_body_c4_27	seed-1_sample-1	0.84	0.86	0	0	0	0	0	6	A-B,A-C,A-D,B-C,B-D,C-D	4	3	1	3	2,2,2	A-B,C-D|A-C,B-D|A-D,B-C	2,9,4	1	262	47	11	0.6875	191,271,276,278,343,345,346,347,349,350,354	4	0	89.68645083966032	89.66976705363378	1.6037365893711533	1.6071000946555671	experiments/e307_c4_e303_label_reflow_af3_seed1/out_s2/ova_body_c4_27/seed-1_sample-1/ova_body_c4_27_seed-1_sample-1_model.cif
ova_body_c4_27	seed-1_sample-2	0.83	0.86	0	0	0	0	0	6	A-B,A-C,A-D,B-C,B-D,C-D	4	3	1	3	2,2,2	A-B,C-D|A-C,B-D|A-D,B-C	2,9,4	1	264	49	11	0.6875	191,271,276,278,343,345,346,347,349,350,354	4	0	90.12400256043271	90.09909308636126	1.526584612090144	1.5309572302330565	experiments/e307_c4_e303_label_reflow_af3_seed1/out_s2/ova_body_c4_27/seed-1_sample-2/ova_body_c4_27_seed-1_sample-2_model.cif
ova_body_c4_27	seed-1_sample-3	0.84	0.86	0	0	0	0	0	6	A-B,A-C,A-D,B-C,B-D,C-D	4	3	1	3	2,2,2	A-B,C-D|A-C,B-D|A-D,B-C	2,9,4	1	247	44	11	0.6875	191,271,276,278,343,345,346,347,349,350,354	4	0	89.66342613981178	89.63101034213842	1.5994225617333022	1.6006710913596065	experiments/e307_c4_e303_label_reflow_af3_seed1/out_s2/ova_body_c4_27/seed-1_sample-3/ova_body_c4_27_seed-1_sample-3_model.cif
ova_body_c4_27	seed-1_sample-4	0.83	0.86	0	0	0	0	0	6	A-B,A-C,A-D,B-C,B-D,C-D	4	3	1	3	2,2,2	A-B,C-D|A-C,B-D|A-D,B-C	2,9,3	1	251	49	11	0.6875	191,271,276,278,343,345,346,347,349,350,354	4	0	90.03979280452037	90.00601050026059	1.5490263717463786	1.5656712524995142	experiments/e307_c4_e303_label_reflow_af3_seed1/out_s2/ova_body_c4_27/seed-1_sample-4/ova_body_c4_27_seed-1_sample-4_model.cif
ova_body_c4_28	seed-1_sample-0	0.82	0.85	0	0	0	0	0	5	A-C,A-D,B-C,B-D,C-D	4	2	1	3	2,2,1	A-C,B-D|A-D,B-C|C-D	9,7,1	1	247	50	13	0.7647058823529411	99,191,271,276,278,342,343,345,346,347,349,350,354	4	0	90.14209192157409	90.11940409605985	1.5608846129037957	1.5660317129873802	experiments/e307_c4_e303_label_reflow_af3_seed1/out_s3/ova_body_c4_28/seed-1_sample-0/ova_body_c4_28_seed-1_sample-0_model.cif
ova_body_c4_28	seed-1_sample-1	0.82	0.85	0	0	0	0	0	4	A-C,A-D,B-C,B-D	4	2	1	2	2,2	A-C,B-D|A-D,B-C	9,6	1	250	48	13	0.7647058823529411	99,191,271,276,278,342,343,345,346,347,349,350,354	4	0	89.98240282869092	89.94145081080303	1.561051271674591	1.565780966333004	experiments/e307_c4_e303_label_reflow_af3_seed1/out_s3/ova_body_c4_28/seed-1_sample-1/ova_body_c4_28_seed-1_sample-1_model.cif
ova_body_c4_28	seed-1_sample-2	0.83	0.86	0	0	0	0	0	6	A-B,A-C,A-D,B-C,B-D,C-D	4	3	1	3	2,2,2	A-B,C-D|A-C,B-D|A-D,B-C	1,9,6	1	257	49	13	0.7647058823529411	99,191,271,276,278,342,343,345,346,347,349,350,354	4	0	90.01409326069096	89.97689124586668	1.5502016036450514	1.556026072005671	experiments/e307_c4_e303_label_reflow_af3_seed1/out_s3/ova_body_c4_28/seed-1_sample-2/ova_body_c4_28_seed-1_sample-2_model.cif
ova_body_c4_28	seed-1_sample-3	0.82	0.86	0	0	0	0	0	6	A-B,A-C,A-D,B-C,B-D,C-D	4	3	1	3	2,2,2	A-B,C-D|A-C,B-D|A-D,B-C	1,9,5	1	242	50	13	0.7647058823529411	99,191,271,276,278,342,343,345,346,347,349,350,354	4	0	90.08490288689964	90.05155448715921	1.5823488163911654	1.5878938025918254	experiments/e307_c4_e303_label_reflow_af3_seed1/out_s3/ova_body_c4_28/seed-1_sample-3/ova_body_c4_28_seed-1_sample-3_model.cif
ova_body_c4_28	seed-1_sample-4	0.83	0.86	0	0	0	0	0	4	A-C,A-D,B-C,B-D	4	2	1	2	2,2	A-C,B-D|A-D,B-C	9,6	1	254	48	13	0.7647058823529411	99,191,271,276,278,342,343,345,346,347,349,350,354	4	0	89.9559001823781	89.9365543405009	1.5684615385903682	1.5844641014387668	experiments/e307_c4_e303_label_reflow_af3_seed1/out_s3/ova_body_c4_28/seed-1_sample-4/ova_body_c4_28_seed-1_sample-4_model.cif
ova_body_c4_29	seed-1_sample-0	0.83	0.86	1	0	1	1	0	5	A-C,A-D,B-C,B-D,C-D	4	2	1	3	2,2,1	A-C,B-D|A-D,B-C|C-D	3,8,2	1	212	45	12	0.75	191,271,276,278,342,345,346,347,349,350,354,356	4	0	90.3465868327284	90.29046625918058	1.5604236852937965	1.5677039035573304	experiments/e307_c4_e303_label_reflow_af3_seed1/out_s4/ova_body_c4_29/seed-1_sample-0/ova_body_c4_29_seed-1_sample-0_model.cif
ova_body_c4_29	seed-1_sample-1	0.84	0.86	0	0	0	0	0	6	A-B,A-C,A-D,B-C,B-D,C-D	4	3	1	3	2,2,2	A-B,C-D|A-C,B-D|A-D,B-C	2,4,9	1	227	47	12	0.75	191,271,276,278,342,345,346,347,349,350,354,356	4	0	90.2633614243621	90.20748704702743	1.607811358487969	1.6112907889746306	experiments/e307_c4_e303_label_reflow_af3_seed1/out_s4/ova_body_c4_29/seed-1_sample-1/ova_body_c4_29_seed-1_sample-1_model.cif
ova_body_c4_29	seed-1_sample-2	0.84	0.86	0	0	0	0	0	6	A-B,A-C,A-D,B-C,B-D,C-D	4	3	1	3	2,2,2	A-B,C-D|A-C,B-D|A-D,B-C	1,3,8	1	216	46	11	0.6875	191,271,278,342,345,346,347,349,350,354,356	4	0	90.37248058763811	90.31658045121425	1.5853348941794392	1.586329009184696	experiments/e307_c4_e303_label_reflow_af3_seed1/out_s4/ova_body_c4_29/seed-1_sample-2/ova_body_c4_29_seed-1_sample-2_model.cif
ova_body_c4_29	seed-1_sample-3	0.83	0.86	0	0	0	0	0	6	A-B,A-C,A-D,B-C,B-D,C-D	4	3	1	3	2,2,2	A-B,C-D|A-C,B-D|A-D,B-C	2,4,8	1	243	48	12	0.75	191,271,276,278,342,345,346,347,349,350,354,356	4	0	90.40729276133325	90.37246116084756	1.5845695027260311	1.5907037972149412	experiments/e307_c4_e303_label_reflow_af3_seed1/out_s4/ova_body_c4_29/seed-1_sample-3/ova_body_c4_29_seed-1_sample-3_model.cif
ova_body_c4_29	seed-1_sample-4	0.84	0.86	0	0	0	0	0	5	A-C,A-D,B-C,B-D,C-D	4	2	1	3	2,2,1	A-C,B-D|A-D,B-C|C-D	3,8,2	1	220	47	12	0.75	191,271,276,278,342,345,346,347,349,350,354,356	4	0	90.41445590053814	90.36310871895112	1.6102313604178413	1.61624508267661	experiments/e307_c4_e303_label_reflow_af3_seed1/out_s4/ova_body_c4_29/seed-1_sample-4/ova_body_c4_29_seed-1_sample-4_model.cif
ova_body_c4_30	seed-1_sample-0	0.85	0.87	0	0	0	0	0	6	A-B,A-C,A-D,B-C,B-D,C-D	4	3	1	3	2,2,2	A-B,C-D|A-C,B-D|A-D,B-C	2,8,5	1	240	48	13	0.8125	99,191,271,276,278,342,343,345,346,347,349,350,354	4	0	90.29997409810674	90.25787565004022	1.6475500617743501	1.6489919735781364	experiments/e307_c4_e303_label_reflow_af3_seed1/out_s5/ova_body_c4_30/seed-1_sample-0/ova_body_c4_30_seed-1_sample-0_model.cif
ova_body_c4_30	seed-1_sample-1	0.84	0.87	0	0	0	0	0	6	A-B,A-C,A-D,B-C,B-D,C-D	4	3	1	3	2,2,2	A-B,C-D|A-C,B-D|A-D,B-C	2,9,5	1	264	50	13	0.8125	99,191,271,276,278,342,343,345,346,347,349,350,354	4	0	90.0742227252901	90.01248697666307	1.6197936570205074	1.6241798365362592	experiments/e307_c4_e303_label_reflow_af3_seed1/out_s5/ova_body_c4_30/seed-1_sample-1/ova_body_c4_30_seed-1_sample-1_model.cif
ova_body_c4_30	seed-1_sample-2	0.84	0.87	0	0	0	0	0	6	A-B,A-C,A-D,B-C,B-D,C-D	4	3	1	3	2,2,2	A-B,C-D|A-C,B-D|A-D,B-C	2,8,5	1	252	50	13	0.8125	99,191,271,276,278,342,343,345,346,347,349,350,354	4	0	90.54997409069476	90.47997401538908	1.5365214233574003	1.5411757143947202	experiments/e307_c4_e303_label_reflow_af3_seed1/out_s5/ova_body_c4_30/seed-1_sample-2/ova_body_c4_30_seed-1_sample-2_model.cif
ova_body_c4_30	seed-1_sample-3	0.84	0.87	0	0	0	0	0	6	A-B,A-C,A-D,B-C,B-D,C-D	4	3	1	3	2,2,2	A-B,C-D|A-C,B-D|A-D,B-C	2,8,5	1	250	48	13	0.8125	99,191,271,276,278,342,343,345,346,347,349,350,354	4	0	90.61000650287292	90.54948181191874	1.558203666280985	1.5615914712390346	experiments/e307_c4_e303_label_reflow_af3_seed1/out_s5/ova_body_c4_30/seed-1_sample-3/ova_body_c4_30_seed-1_sample-3_model.cif
ova_body_c4_30	seed-1_sample-4	0.84	0.87	0	0	0	0	0	6	A-B,A-C,A-D,B-C,B-D,C-D	4	3	1	3	2,2,2	A-B,C-D|A-C,B-D|A-D,B-C	2,8,5	1	249	50	13	0.8125	99,191,271,276,278,342,343,345,346,347,349,350,354	4	0	90.49676169262031	90.42943001781721	1.5596459995171321	1.5720386279689889	experiments/e307_c4_e303_label_reflow_af3_seed1/out_s5/ova_body_c4_30/seed-1_sample-4/ova_body_c4_30_seed-1_sample-4_model.cif
ova_body_c4_31	seed-1_sample-0	0.82	0.85	0	0	0	0	0	4	A-C,A-D,B-C,B-D	4	2	1	2	2,2	A-C,B-D|A-D,B-C	3,8	1	232	48	10	0.7142857142857143	191,271,276,278,345,346,347,349,350,354	4	0	90.68921630740783	90.64463725114733	1.5700265622889733	1.5772634330002384	experiments/e307_c4_e303_label_reflow_af3_seed1/out_s6/ova_body_c4_31/seed-1_sample-0/ova_body_c4_31_seed-1_sample-0_model.cif
ova_body_c4_31	seed-1_sample-1	0.81	0.85	0	0	0	0	0	4	A-C,A-D,B-C,B-D	4	2	1	2	2,2	A-C,B-D|A-D,B-C	3,8	1	228	48	10	0.7142857142857143	191,271,276,278,345,346,347,349,350,354	4	0	90.46047927431492	90.42124344030192	1.5470913213899742	1.556506172815073	experiments/e307_c4_e303_label_reflow_af3_seed1/out_s6/ova_body_c4_31/seed-1_sample-1/ova_body_c4_31_seed-1_sample-1_model.cif
ova_body_c4_31	seed-1_sample-2	0.81	0.84	0	0	0	0	0	4	A-C,A-D,B-C,B-D	4	2	1	2	2,2	A-C,B-D|A-D,B-C	3,8	1	244	47	10	0.7142857142857143	191,271,276,278,345,346,347,349,350,354	4	0	90.37439762125362	90.34406725236171	1.6050213795036938	1.6201176445651941	experiments/e307_c4_e303_label_reflow_af3_seed1/out_s6/ova_body_c4_31/seed-1_sample-2/ova_body_c4_31_seed-1_sample-2_model.cif
ova_body_c4_31	seed-1_sample-3	0.82	0.85	0	0	0	0	0	6	A-B,A-C,A-D,B-C,B-D,C-D	4	3	1	3	2,2,2	A-B,C-D|A-C,B-D|A-D,B-C	1,3,8	1	235	49	10	0.7142857142857143	191,271,276,278,345,346,347,349,350,354	4	0	90.6127720076803	90.58082893845949	1.5824467093346206	1.5876894732478903	experiments/e307_c4_e303_label_reflow_af3_seed1/out_s6/ova_body_c4_31/seed-1_sample-3/ova_body_c4_31_seed-1_sample-3_model.cif
ova_body_c4_31	seed-1_sample-4	0.82	0.85	0	0	0	0	0	6	A-B,A-C,A-D,B-C,B-D,C-D	4	3	1	3	2,2,2	A-B,C-D|A-C,B-D|A-D,B-C	1,3,8	1	246	51	10	0.7142857142857143	191,271,276,278,345,346,347,349,350,354	4	0	90.52699481637984	90.49305701379332	1.6109949818138036	1.618743157372176	experiments/e307_c4_e303_label_reflow_af3_seed1/out_s6/ova_body_c4_31/seed-1_sample-4/ova_body_c4_31_seed-1_sample-4_model.cif
ova_body_c4_32	seed-1_sample-0	0.83	0.85	0	0	0	0	0	4	A-C,A-D,B-C,B-D	4	2	1	2	2,2	A-C,B-D|A-D,B-C	5,9	1	243	46	12	0.75	191,271,276,278,341,343,345,346,347,349,350,354	4	0	90.11132772969458	90.06041432909397	1.5296983623226592	1.5364939781055675	experiments/e307_c4_e303_label_reflow_af3_seed1/out_s7/ova_body_c4_32/seed-1_sample-0/ova_body_c4_32_seed-1_sample-0_model.cif
ova_body_c4_32	seed-1_sample-1	0.84	0.86	0	0	0	0	0	5	A-B,A-C,A-D,B-C,B-D	4	2	1	3	2,2,1	A-C,B-D|A-D,B-C|A-B	5,9,3	1	246	46	12	0.75	191,271,276,278,341,343,345,346,347,349,350,354	4	0	90.35926809706218	90.30132113837207	1.5122727594889502	1.5202357879270267	experiments/e307_c4_e303_label_reflow_af3_seed1/out_s7/ova_body_c4_32/seed-1_sample-1/ova_body_c4_32_seed-1_sample-1_model.cif
ova_body_c4_32	seed-1_sample-2	0.82	0.85	0	0	0	0	0	6	A-B,A-C,A-D,B-C,B-D,C-D	4	3	1	3	2,2,2	A-B,C-D|A-C,B-D|A-D,B-C	3,5,9	1	266	49	12	0.75	191,271,276,278,341,343,345,346,347,349,350,354	4	0	90.05968903754041	90.01831592302867	1.5901999052713849	1.5960225951268903	experiments/e307_c4_e303_label_reflow_af3_seed1/out_s7/ova_body_c4_32/seed-1_sample-2/ova_body_c4_32_seed-1_sample-2_model.cif
ova_body_c4_32	seed-1_sample-3	0.83	0.86	0	0	0	0	0	6	A-B,A-C,A-D,B-C,B-D,C-D	4	3	1	3	2,2,2	A-B,C-D|A-C,B-D|A-D,B-C	3,6,9	1	257	48	12	0.75	191,271,276,278,341,343,345,346,347,349,350,354	4	0	90.06879530298895	90.02847139823004	1.571577422521477	1.5771380889656017	experiments/e307_c4_e303_label_reflow_af3_seed1/out_s7/ova_body_c4_32/seed-1_sample-3/ova_body_c4_32_seed-1_sample-3_model.cif
ova_body_c4_32	seed-1_sample-4	0.83	0.86	0	0	0	0	0	6	A-B,A-C,A-D,B-C,B-D,C-D	4	3	1	3	2,2,2	A-B,C-D|A-C,B-D|A-D,B-C	3,5,9	1	266	51	12	0.75	191,271,276,278,341,343,345,346,347,349,350,354	4	0	90.14245466864789	90.10129542177823	1.5905085276933117	1.5981449877129914	experiments/e307_c4_e303_label_reflow_af3_seed1/out_s7/ova_body_c4_32/seed-1_sample-4/ova_body_c4_32_seed-1_sample-4_model.cif
