source	candidate	chain	resname	position	mutation	interaction_types	Hydrophobic	HydrogenBond	SaltBridge	PiStacking	CationPi	VdWContact
ova_body_c4_01_ms25_r02__AF3	ova_body_c4_01_ms25_r02	A	PHE	346	A346F	10	4	0	0	0	0	6
ova_body_c4_01_ms25_r02__AF3	ova_body_c4_01_ms25_r02	B	PHE	346	A346F	10	4	0	0	0	0	6
ova_body_c4_01_ms25_r02__AF3	ova_body_c4_01_ms25_r02	C	PHE	346	A346F	10	4	0	0	0	0	6
ova_body_c4_01_ms25_r02__AF3	ova_body_c4_01_ms25_r02	D	PHE	346	A346F	10	4	0	0	0	0	6
ova_body_c4_01_ms25_r02__AF3	ova_body_c4_01_ms25_r02	A	PHE	192		6	2	0	0	0	0	4
ova_body_c4_01_ms25_r02__AF3	ova_body_c4_01_ms25_r02	B	PHE	192		6	2	0	0	0	0	4
ova_body_c4_01_ms25_r02__AF3	ova_body_c4_01_ms25_r02	C	PHE	192		6	2	0	0	0	0	4
ova_body_c4_01_ms25_r02__AF3	ova_body_c4_01_ms25_r02	D	PHE	192		6	2	0	0	0	0	4
ova_body_c4_01_ms25_r02__AF3	ova_body_c4_01_ms25_r02	A	ASP	96		5	0	1	1	0	0	3
ova_body_c4_01_ms25_r02__AF3	ova_body_c4_01_ms25_r02	B	ASP	96		5	0	1	1	0	0	3
ova_body_c4_01_ms25_r02__AF3	ova_body_c4_01_ms25_r02	C	ASP	96		5	0	1	1	0	0	3
ova_body_c4_01_ms25_r02__AF3	ova_body_c4_01_ms25_r02	C	ARG	340		5	1	1	1	0	0	2
ova_body_c4_01_ms25_r02__AF3	ova_body_c4_01_ms25_r02	D	ASP	96		5	0	1	1	0	0	3
ova_body_c4_01_ms25_r02__AF3	ova_body_c4_01_ms25_r02	D	ARG	340		5	1	1	1	0	0	2
ova_body_c4_01_ms25_r02__AF3	ova_body_c4_01_ms25_r02	A	ASP	86		4	2	1	0	0	0	1
ova_body_c4_01_ms25_r02__AF3	ova_body_c4_01_ms25_r02	A	TRP	271	S271W	4	2	0	0	0	0	2
ova_body_c4_01_ms25_r02__AF3	ova_body_c4_01_ms25_r02	A	ARG	340		4	1	0	1	0	0	2
ova_body_c4_01_ms25_r02__AF3	ova_body_c4_01_ms25_r02	A	VAL	342		4	1	0	0	0	0	3
ova_body_c4_01_ms25_r02__AF3	ova_body_c4_01_ms25_r02	A	GLU	345	S345E	4	0	1	1	0	0	2
ova_body_c4_01_ms25_r02__AF3	ova_body_c4_01_ms25_r02	B	ASP	86		4	2	1	0	0	0	1
ova_body_c4_01_ms25_r02__AF3	ova_body_c4_01_ms25_r02	B	ARG	340		4	1	0	1	0	0	2
ova_body_c4_01_ms25_r02__AF3	ova_body_c4_01_ms25_r02	B	GLU	345	S345E	4	0	1	1	0	0	2
ova_body_c4_01_ms25_r02__AF3	ova_body_c4_01_ms25_r02	C	ASP	86		4	2	1	0	0	0	1
ova_body_c4_01_ms25_r02__AF3	ova_body_c4_01_ms25_r02	C	LEU	184		4	2	0	0	0	0	2
ova_body_c4_01_ms25_r02__AF3	ova_body_c4_01_ms25_r02	D	ASP	86		4	2	1	0	0	0	1
ova_body_c4_01_ms25_r02__AF3	ova_body_c4_01_ms25_r02	D	TRP	271	S271W	4	2	0	0	0	0	2
ova_body_c4_01_ms25_r02__AF3	ova_body_c4_01_ms25_r02	A	LEU	184		3	2	0	0	0	0	1
ova_body_c4_01_ms25_r02__AF3	ova_body_c4_01_ms25_r02	A	LYS	190		3	0	1	1	0	0	1
ova_body_c4_01_ms25_r02__AF3	ova_body_c4_01_ms25_r02	A	LEU	217		3	1	0	0	0	0	2
ova_body_c4_01_ms25_r02__AF3	ova_body_c4_01_ms25_r02	A	ASN	272		3	1	1	0	0	0	1
ova_body_c4_01_ms25_r02__AF3	ova_body_c4_01_ms25_r02	A	ILE	347	E347I	3	1	0	0	0	0	2
ova_body_c4_01_ms25_r02__AF3	ova_body_c4_01_ms25_r02	A	TRP	354	S354W	3	1	0	0	1	0	1
ova_body_c4_01_ms25_r02__AF3	ova_body_c4_01_ms25_r02	B	LEU	184		3	2	0	0	0	0	1
ova_body_c4_01_ms25_r02__AF3	ova_body_c4_01_ms25_r02	B	LYS	190		3	0	1	1	0	0	1
ova_body_c4_01_ms25_r02__AF3	ova_body_c4_01_ms25_r02	B	TYR	191	A191Y	3	1	0	0	0	0	2
ova_body_c4_01_ms25_r02__AF3	ova_body_c4_01_ms25_r02	B	LEU	217		3	1	0	0	0	0	2
ova_body_c4_01_ms25_r02__AF3	ova_body_c4_01_ms25_r02	B	ASN	272		3	1	1	0	0	0	1
ova_body_c4_01_ms25_r02__AF3	ova_body_c4_01_ms25_r02	B	VAL	342		3	1	0	0	0	0	2
ova_body_c4_01_ms25_r02__AF3	ova_body_c4_01_ms25_r02	B	TRP	354	S354W	3	1	0	0	1	0	1
ova_body_c4_01_ms25_r02__AF3	ova_body_c4_01_ms25_r02	C	LYS	190		3	0	1	1	0	0	1
ova_body_c4_01_ms25_r02__AF3	ova_body_c4_01_ms25_r02	C	TYR	191	A191Y	3	1	0	0	0	0	2
ova_body_c4_01_ms25_r02__AF3	ova_body_c4_01_ms25_r02	C	LEU	217		3	1	0	0	0	0	2
ova_body_c4_01_ms25_r02__AF3	ova_body_c4_01_ms25_r02	C	TRP	271	S271W	3	2	0	0	0	0	1
ova_body_c4_01_ms25_r02__AF3	ova_body_c4_01_ms25_r02	C	ASN	272		3	1	1	0	0	0	1
ova_body_c4_01_ms25_r02__AF3	ova_body_c4_01_ms25_r02	C	GLU	345	S345E	3	0	0	1	0	0	2
ova_body_c4_01_ms25_r02__AF3	ova_body_c4_01_ms25_r02	C	ILE	347	E347I	3	1	0	0	0	0	2
ova_body_c4_01_ms25_r02__AF3	ova_body_c4_01_ms25_r02	C	TRP	354	S354W	3	1	0	0	1	0	1
ova_body_c4_01_ms25_r02__AF3	ova_body_c4_01_ms25_r02	D	LEU	184		3	2	0	0	0	0	1
ova_body_c4_01_ms25_r02__AF3	ova_body_c4_01_ms25_r02	D	LYS	190		3	0	1	1	0	0	1
ova_body_c4_01_ms25_r02__AF3	ova_body_c4_01_ms25_r02	D	TYR	191	A191Y	3	1	0	0	0	0	2
ova_body_c4_01_ms25_r02__AF3	ova_body_c4_01_ms25_r02	D	LEU	217		3	1	0	0	0	0	2
ova_body_c4_01_ms25_r02__AF3	ova_body_c4_01_ms25_r02	D	ASN	272		3	1	1	0	0	0	1
ova_body_c4_01_ms25_r02__AF3	ova_body_c4_01_ms25_r02	D	VAL	342		3	1	0	0	0	0	2
ova_body_c4_01_ms25_r02__AF3	ova_body_c4_01_ms25_r02	D	GLU	345	S345E	3	0	0	1	0	0	2
ova_body_c4_01_ms25_r02__AF3	ova_body_c4_01_ms25_r02	D	TRP	354	S354W	3	1	0	0	1	0	1
ova_body_c4_01_ms25_r02__AF3	ova_body_c4_01_ms25_r02	A	LYS	182		2	1	0	0	0	0	1
ova_body_c4_01_ms25_r02__AF3	ova_body_c4_01_ms25_r02	A	TYR	191	A191Y	2	1	0	0	0	0	1
ova_body_c4_01_ms25_r02__AF3	ova_body_c4_01_ms25_r02	A	ILE	215		2	1	0	0	0	0	1
ova_body_c4_01_ms25_r02__AF3	ova_body_c4_01_ms25_r02	A	LEU	278	K278L	2	1	0	0	0	0	1
ova_body_c4_01_ms25_r02__AF3	ova_body_c4_01_ms25_r02	A	ILE	350	V350I	2	0	0	0	0	0	2
ova_body_c4_01_ms25_r02__AF3	ova_body_c4_01_ms25_r02	B	ILE	87		2	1	0	0	0	0	1
ova_body_c4_01_ms25_r02__AF3	ova_body_c4_01_ms25_r02	B	LYS	182		2	1	0	0	0	0	1
ova_body_c4_01_ms25_r02__AF3	ova_body_c4_01_ms25_r02	B	ILE	215		2	1	0	0	0	0	1
ova_body_c4_01_ms25_r02__AF3	ova_body_c4_01_ms25_r02	B	TRP	271	S271W	2	2	0	0	0	0	0
ova_body_c4_01_ms25_r02__AF3	ova_body_c4_01_ms25_r02	B	LEU	278	K278L	2	1	0	0	0	0	1
ova_body_c4_01_ms25_r02__AF3	ova_body_c4_01_ms25_r02	B	ILE	347	E347I	2	1	0	0	0	0	1
ova_body_c4_01_ms25_r02__AF3	ova_body_c4_01_ms25_r02	B	ILE	350	V350I	2	0	0	0	0	0	2
ova_body_c4_01_ms25_r02__AF3	ova_body_c4_01_ms25_r02	C	ILE	87		2	1	0	0	0	0	1
ova_body_c4_01_ms25_r02__AF3	ova_body_c4_01_ms25_r02	C	LYS	182		2	1	0	0	0	0	1
ova_body_c4_01_ms25_r02__AF3	ova_body_c4_01_ms25_r02	C	ILE	215		2	1	0	0	0	0	1
ova_body_c4_01_ms25_r02__AF3	ova_body_c4_01_ms25_r02	C	LEU	278	K278L	2	1	0	0	0	0	1
ova_body_c4_01_ms25_r02__AF3	ova_body_c4_01_ms25_r02	C	VAL	342		2	1	0	0	0	0	1
ova_body_c4_01_ms25_r02__AF3	ova_body_c4_01_ms25_r02	C	ILE	350	V350I	2	0	0	0	0	0	2
ova_body_c4_01_ms25_r02__AF3	ova_body_c4_01_ms25_r02	D	ILE	87		2	1	0	0	0	0	1
ova_body_c4_01_ms25_r02__AF3	ova_body_c4_01_ms25_r02	D	LYS	182		2	1	0	0	0	0	1
ova_body_c4_01_ms25_r02__AF3	ova_body_c4_01_ms25_r02	D	ILE	215		2	1	0	0	0	0	1
ova_body_c4_01_ms25_r02__AF3	ova_body_c4_01_ms25_r02	D	LEU	278	K278L	2	1	0	0	0	0	1
ova_body_c4_01_ms25_r02__AF3	ova_body_c4_01_ms25_r02	D	ILE	347	E347I	2	1	0	0	0	0	1
ova_body_c4_01_ms25_r02__AF3	ova_body_c4_01_ms25_r02	D	ILE	350	V350I	2	0	0	0	0	0	2
ova_body_c4_01_ms25_r02__AF3	ova_body_c4_01_ms25_r02	A	ILE	87		1	1	0	0	0	0	0
ova_body_c4_01_ms25_r02__AF3	ova_body_c4_01_ms25_r02	A	VAL	97		1	0	0	0	0	0	1
ova_body_c4_01_ms25_r02__AF3	ova_body_c4_01_ms25_r02	A	TYR	98		1	0	0	0	0	0	1
ova_body_c4_01_ms25_r02__AF3	ova_body_c4_01_ms25_r02	A	GLY	216		1	0	0	0	0	0	1
ova_body_c4_01_ms25_r02__AF3	ova_body_c4_01_ms25_r02	A	GLY	339		1	0	0	0	0	0	1
ova_body_c4_01_ms25_r02__AF3	ova_body_c4_01_ms25_r02	A	ALA	348		1	0	0	0	0	0	1
ova_body_c4_01_ms25_r02__AF3	ova_body_c4_01_ms25_r02	B	VAL	97		1	0	0	0	0	0	1
ova_body_c4_01_ms25_r02__AF3	ova_body_c4_01_ms25_r02	B	TYR	98		1	0	0	0	0	0	1
ova_body_c4_01_ms25_r02__AF3	ova_body_c4_01_ms25_r02	B	GLY	216		1	0	0	0	0	0	1
ova_body_c4_01_ms25_r02__AF3	ova_body_c4_01_ms25_r02	B	ALA	348		1	0	0	0	0	0	1
ova_body_c4_01_ms25_r02__AF3	ova_body_c4_01_ms25_r02	B	THR	374		1	0	0	0	0	0	1
ova_body_c4_01_ms25_r02__AF3	ova_body_c4_01_ms25_r02	C	VAL	97		1	0	0	0	0	0	1
ova_body_c4_01_ms25_r02__AF3	ova_body_c4_01_ms25_r02	C	TYR	98		1	0	0	0	0	0	1
ova_body_c4_01_ms25_r02__AF3	ova_body_c4_01_ms25_r02	C	GLY	216		1	0	0	0	0	0	1
ova_body_c4_01_ms25_r02__AF3	ova_body_c4_01_ms25_r02	C	ALA	348		1	0	0	0	0	0	1
ova_body_c4_01_ms25_r02__AF3	ova_body_c4_01_ms25_r02	C	THR	374		1	0	0	0	0	0	1
ova_body_c4_01_ms25_r02__AF3	ova_body_c4_01_ms25_r02	D	VAL	97		1	0	0	0	0	0	1
ova_body_c4_01_ms25_r02__AF3	ova_body_c4_01_ms25_r02	D	TYR	98		1	0	0	0	0	0	1
ova_body_c4_01_ms25_r02__AF3	ova_body_c4_01_ms25_r02	D	GLY	216		1	0	0	0	0	0	1
ova_body_c4_01_ms25_r02__AF3	ova_body_c4_01_ms25_r02	D	GLY	339		1	0	0	0	0	0	1
ova_body_c4_01_ms25_r02__AF3	ova_body_c4_01_ms25_r02	D	ALA	348		1	0	0	0	0	0	1
