source	chain_pair	category	unique_residue_pair_types	atom_level_events
ova_body_c4_05_ms25_r01__AF3	A-B	Hydrophobic	8	12
ova_body_c4_05_ms25_r01__AF3	A-B	HydrogenBond	2	2
ova_body_c4_05_ms25_r01__AF3	A-B	SaltBridge	0	0
ova_body_c4_05_ms25_r01__AF3	A-B	PiStacking	0	0
ova_body_c4_05_ms25_r01__AF3	A-B	CationPi	0	0
ova_body_c4_05_ms25_r01__AF3	A-B	VdWContact	6	13
ova_body_c4_05_ms25_r01__AF3	A-C	Hydrophobic	10	16
ova_body_c4_05_ms25_r01__AF3	A-C	HydrogenBond	1	1
ova_body_c4_05_ms25_r01__AF3	A-C	SaltBridge	2	4
ova_body_c4_05_ms25_r01__AF3	A-C	PiStacking	0	0
ova_body_c4_05_ms25_r01__AF3	A-C	CationPi	0	0
ova_body_c4_05_ms25_r01__AF3	A-C	VdWContact	19	62
ova_body_c4_05_ms25_r01__AF3	A-D	Hydrophobic	5	28
ova_body_c4_05_ms25_r01__AF3	A-D	HydrogenBond	0	0
ova_body_c4_05_ms25_r01__AF3	A-D	SaltBridge	0	0
ova_body_c4_05_ms25_r01__AF3	A-D	PiStacking	1	1
ova_body_c4_05_ms25_r01__AF3	A-D	CationPi	0	0
ova_body_c4_05_ms25_r01__AF3	A-D	VdWContact	16	62
ova_body_c4_05_ms25_r01__AF3	B-C	Hydrophobic	5	29
ova_body_c4_05_ms25_r01__AF3	B-C	HydrogenBond	0	0
ova_body_c4_05_ms25_r01__AF3	B-C	SaltBridge	0	0
ova_body_c4_05_ms25_r01__AF3	B-C	PiStacking	1	1
ova_body_c4_05_ms25_r01__AF3	B-C	CationPi	0	0
ova_body_c4_05_ms25_r01__AF3	B-C	VdWContact	16	63
ova_body_c4_05_ms25_r01__AF3	B-D	Hydrophobic	10	16
ova_body_c4_05_ms25_r01__AF3	B-D	HydrogenBond	2	4
ova_body_c4_05_ms25_r01__AF3	B-D	SaltBridge	2	4
ova_body_c4_05_ms25_r01__AF3	B-D	PiStacking	0	0
ova_body_c4_05_ms25_r01__AF3	B-D	CationPi	0	0
ova_body_c4_05_ms25_r01__AF3	B-D	VdWContact	17	58
ova_body_c4_05_ms25_r01__AF3	C-D	Hydrophobic	7	11
ova_body_c4_05_ms25_r01__AF3	C-D	HydrogenBond	2	2
ova_body_c4_05_ms25_r01__AF3	C-D	SaltBridge	0	0
ova_body_c4_05_ms25_r01__AF3	C-D	PiStacking	0	0
ova_body_c4_05_ms25_r01__AF3	C-D	CationPi	0	0
ova_body_c4_05_ms25_r01__AF3	C-D	VdWContact	6	9
