system	model	iptm	ptm	atomic_clash_count_2p4	severe_ca_overlap_count_2p5	effective_interface_edges	effective_edge_list	largest_component	min_chain_degree	valid_c4_network	interface_type_count	interface_type_multiplicities	interface_type_edges	interface_type_design_counts	two_interfaces_each_design_ge3	contact_residue_pairs	interface_positions	design_interface_count	design_interface_fraction	design_interface_positions	native_c74_c121_bonds	interchain_ss_bonds	mean_chain_plddt	min_chain_plddt	mean_chain_ca_rmsd_to_1ova	max_chain_ca_rmsd_to_1ova	cif_path
ova_body_c4_01	seed-1_sample-0	0.84	0.87	0	0	4	A-C,A-D,B-C,B-D	4	2	1	2	2,2	A-C,B-D|A-D,B-C	2,6	0	203	44	11	0.6875	99,191,271,276,278,342,345,346,348,350,354	4	0	90.3799352522341	90.3583421064782	1.592854776286053	1.6050777876979618	experiments/e158_c4_iptm90_joint_surrogate_af3_seed1/out_s0/ova_body_c4_01/seed-1_sample-0/ova_body_c4_01_seed-1_sample-0_model.cif
ova_body_c4_01	seed-1_sample-1	0.85	0.87	4	0	6	A-B,A-C,A-D,B-C,B-D,C-D	4	3	1	3	2,2,2	A-B,C-D|A-C,B-D|A-D,B-C	5,2,7	1	255	53	12	0.75	99,191,271,276,278,342,345,346,347,348,350,354	4	0	90.13643775455692	90.12520721909914	1.667963145517307	1.6838715657233796	experiments/e158_c4_iptm90_joint_surrogate_af3_seed1/out_s0/ova_body_c4_01/seed-1_sample-1/ova_body_c4_01_seed-1_sample-1_model.cif
ova_body_c4_01	seed-1_sample-2	0.85	0.88	0	0	6	A-B,A-C,A-D,B-C,B-D,C-D	4	3	1	3	2,2,2	A-B,C-D|A-C,B-D|A-D,B-C	7,2,6	1	241	51	13	0.8125	99,191,271,276,278,342,345,346,347,348,349,350,354	4	0	89.70332890841627	89.66891161271327	1.2120450497564557	1.2181414372726653	experiments/e158_c4_iptm90_joint_surrogate_af3_seed1/out_s0/ova_body_c4_01/seed-1_sample-2/ova_body_c4_01_seed-1_sample-2_model.cif
ova_body_c4_01	seed-1_sample-3	0.84	0.87	0	0	4	A-C,A-D,B-C,B-D	4	2	1	2	2,2	A-C,B-D|A-D,B-C	1,6	0	190	41	10	0.625	99,191,271,278,342,345,346,348,350,354	4	0	90.36826423536311	90.35062170275752	1.6020727152942618	1.6096709136363576	experiments/e158_c4_iptm90_joint_surrogate_af3_seed1/out_s0/ova_body_c4_01/seed-1_sample-3/ova_body_c4_01_seed-1_sample-3_model.cif
ova_body_c4_01	seed-1_sample-4	0.84	0.87	2	0	6	A-B,A-C,A-D,B-C,B-D,C-D	4	3	1	3	2,2,2	A-B,C-D|A-C,B-D|A-D,B-C	5,2,7	1	268	51	12	0.75	99,191,271,276,278,342,345,346,347,348,350,354	4	0	90.26294691698538	90.23753870830635	1.6817650497207794	1.6851135889330597	experiments/e158_c4_iptm90_joint_surrogate_af3_seed1/out_s0/ova_body_c4_01/seed-1_sample-4/ova_body_c4_01_seed-1_sample-4_model.cif
ova_body_c4_09	seed-1_sample-0	0.27	0.44	10	0	4	A-B,A-C,B-D,C-D	4	2	1	2	2,2	A-B,C-D|A-C,B-D	14,4	1	409	82	16	0.8888888888888888	89,93,96,186,191,219,237,271,278,285,341,345,346,347,349,350	4	0	84.19502581710024	84.06660613618367	1.5593770577166883	1.566675703164354	experiments/e158_c4_iptm90_joint_surrogate_af3_seed1/out_s0/ova_body_c4_09/seed-1_sample-0/ova_body_c4_09_seed-1_sample-0_model.cif
ova_body_c4_09	seed-1_sample-1	0.26	0.43	14	0	2	A-B,C-D	2	1	0	1	2	A-B,C-D	14	0	389	77	16	0.8888888888888888	89,93,96,186,191,219,237,271,278,285,341,345,346,347,349,350	4	0	84.08911918482015	83.91515549971032	1.5616709750308375	1.5689248458541045	experiments/e158_c4_iptm90_joint_surrogate_af3_seed1/out_s0/ova_body_c4_09/seed-1_sample-1/ova_body_c4_09_seed-1_sample-1_model.cif
ova_body_c4_09	seed-1_sample-2	0.3	0.46	17	0	6	A-B,A-C,A-D,B-C,B-D,C-D	4	3	1	3	2,2,2	A-B,C-D|A-C,B-D|A-D,B-C	15,5,3	1	464	90	16	0.8888888888888888	89,93,96,186,191,219,237,271,278,341,342,345,346,347,349,350	4	0	84.21987049567267	84.06531099704881	1.5550726752972373	1.5628838879435951	experiments/e158_c4_iptm90_joint_surrogate_af3_seed1/out_s0/ova_body_c4_09/seed-1_sample-2/ova_body_c4_09_seed-1_sample-2_model.cif
ova_body_c4_09	seed-1_sample-3	0.3	0.46	29	0	6	A-B,A-C,A-D,B-C,B-D,C-D	4	3	1	3	2,2,2	A-B,C-D|A-C,B-D|A-D,B-C	15,4,2	1	449	88	16	0.8888888888888888	89,93,96,186,191,219,237,271,278,341,342,345,346,347,349,350	4	0	83.89363347434009	83.7154663560304	1.6016012749124282	1.6081470242304625	experiments/e158_c4_iptm90_joint_surrogate_af3_seed1/out_s0/ova_body_c4_09/seed-1_sample-3/ova_body_c4_09_seed-1_sample-3_model.cif
ova_body_c4_09	seed-1_sample-4	0.28	0.45	16	0	4	A-B,A-C,B-D,C-D	4	2	1	2	2,2	A-B,C-D|A-C,B-D	14,6	1	414	81	17	0.9444444444444444	89,93,96,186,191,219,237,271,278,285,341,342,345,346,347,349,350	4	0	84.13249360712081	83.97826443805596	1.5344868993966783	1.539567978055049	experiments/e158_c4_iptm90_joint_surrogate_af3_seed1/out_s0/ova_body_c4_09/seed-1_sample-4/ova_body_c4_09_seed-1_sample-4_model.cif
ova_body_c4_105	seed-1_sample-0	0.8	0.84	0	0	5	A-C,A-D,B-C,B-D,C-D	4	2	1	3	2,2,1	A-C,B-D|A-D,B-C|C-D	5,8,1	1	216	45	11	0.6470588235294118	191,271,278,342,343,345,346,347,349,350,354	4	0	89.8767875488558	89.78367883553777	1.541522535619365	1.5471914385355283	experiments/e158_c4_iptm90_joint_surrogate_af3_seed1/out_s0/ova_body_c4_105/seed-1_sample-0/ova_body_c4_105_seed-1_sample-0_model.cif
ova_body_c4_105	seed-1_sample-1	0.81	0.84	0	0	4	A-C,A-D,B-C,B-D	4	2	1	2	2,2	A-C,B-D|A-D,B-C	4,8	1	246	48	11	0.6470588235294118	191,271,278,342,343,345,346,347,349,350,354	4	0	89.86824478139532	89.78632133365295	1.5114135804714708	1.5202657171476956	experiments/e158_c4_iptm90_joint_surrogate_af3_seed1/out_s0/ova_body_c4_105/seed-1_sample-1/ova_body_c4_105_seed-1_sample-1_model.cif
ova_body_c4_105	seed-1_sample-2	0.81	0.85	0	0	6	A-B,A-C,A-D,B-C,B-D,C-D	4	3	1	3	2,2,2	A-B,C-D|A-C,B-D|A-D,B-C	1,4,8	1	234	47	11	0.6470588235294118	191,271,278,342,343,345,346,347,349,350,354	4	0	90.07723457702083	89.99678779760173	1.5297936766268982	1.5310179139104785	experiments/e158_c4_iptm90_joint_surrogate_af3_seed1/out_s0/ova_body_c4_105/seed-1_sample-2/ova_body_c4_105_seed-1_sample-2_model.cif
ova_body_c4_105	seed-1_sample-3	0.81	0.85	0	0	6	A-B,A-C,A-D,B-C,B-D,C-D	4	3	1	3	2,2,2	A-B,C-D|A-C,B-D|A-D,B-C	1,4,8	1	246	48	11	0.6470588235294118	191,271,278,342,343,345,346,347,349,350,354	4	0	90.05949486352002	89.97803115844727	1.5516279428852837	1.556919740026018	experiments/e158_c4_iptm90_joint_surrogate_af3_seed1/out_s0/ova_body_c4_105/seed-1_sample-3/ova_body_c4_105_seed-1_sample-3_model.cif
ova_body_c4_105	seed-1_sample-4	0.82	0.85	0	0	6	A-B,A-C,A-D,B-C,B-D,C-D	4	3	1	3	2,2,2	A-B,C-D|A-C,B-D|A-D,B-C	1,4,8	1	235	47	11	0.6470588235294118	191,271,278,342,343,345,346,347,349,350,354	4	0	90.20764896412588	90.11961142386797	1.5453662811027118	1.5515210134009396	experiments/e158_c4_iptm90_joint_surrogate_af3_seed1/out_s0/ova_body_c4_105/seed-1_sample-4/ova_body_c4_105_seed-1_sample-4_model.cif
ova_body_c4_113	seed-1_sample-0	0.48	0.6	16	0	4	A-B,A-C,B-D,C-D	4	2	1	2	2,2	A-B,C-D|A-C,B-D	3,9	1	212	47	14	0.7	96,182,191,271,276,278,341,342,343,345,346,347,350,354	4	0	87.53560879811104	87.43971500495554	1.5583918003137576	1.5660361785887476	experiments/e158_c4_iptm90_joint_surrogate_af3_seed1/out_s0/ova_body_c4_113/seed-1_sample-0/ova_body_c4_113_seed-1_sample-0_model.cif
ova_body_c4_113	seed-1_sample-1	0.51	0.62	0	0	6	A-B,A-C,A-D,B-C,B-D,C-D	4	3	1	3	2,2,2	A-B,C-D|A-C,B-D|A-D,B-C	3,8,8	1	245	50	15	0.75	96,182,191,271,276,278,341,342,343,345,346,347,349,350,354	4	0	87.68919037537253	87.56012949177638	1.519715879998388	1.5267189593252464	experiments/e158_c4_iptm90_joint_surrogate_af3_seed1/out_s0/ova_body_c4_113/seed-1_sample-1/ova_body_c4_113_seed-1_sample-1_model.cif
ova_body_c4_113	seed-1_sample-2	0.48	0.59	12	0	5	A-B,A-C,B-C,B-D,C-D	4	2	1	3	2,2,1	A-B,C-D|A-C,B-D|B-C	3,10,7	1	226	45	15	0.75	96,182,191,271,276,278,341,342,343,345,346,347,349,350,354	4	0	87.81001294091575	87.6829792971438	1.5499427399281316	1.5565937280310138	experiments/e158_c4_iptm90_joint_surrogate_af3_seed1/out_s0/ova_body_c4_113/seed-1_sample-2/ova_body_c4_113_seed-1_sample-2_model.cif
ova_body_c4_113	seed-1_sample-3	0.52	0.63	7	0	6	A-B,A-C,A-D,B-C,B-D,C-D	4	3	1	3	2,2,2	A-B,C-D|A-C,B-D|A-D,B-C	3,9,7	1	217	46	15	0.75	96,182,191,271,276,278,341,342,343,345,346,347,349,350,354	4	0	87.9222798001581	87.83642488193018	1.546505086713056	1.554746435337236	experiments/e158_c4_iptm90_joint_surrogate_af3_seed1/out_s0/ova_body_c4_113/seed-1_sample-3/ova_body_c4_113_seed-1_sample-3_model.cif
ova_body_c4_113	seed-1_sample-4	0.51	0.62	0	0	6	A-B,A-C,A-D,B-C,B-D,C-D	4	3	1	3	2,2,2	A-B,C-D|A-C,B-D|A-D,B-C	4,7,7	1	232	50	15	0.75	96,182,191,271,276,278,341,342,343,345,346,347,349,350,354	4	0	87.64714374690476	87.58751303914914	1.6003354116541497	1.6076002587432725	experiments/e158_c4_iptm90_joint_surrogate_af3_seed1/out_s0/ova_body_c4_113/seed-1_sample-4/ova_body_c4_113_seed-1_sample-4_model.cif
ova_body_c4_121	seed-1_sample-0	0.82	0.86	2	0	4	A-C,A-D,B-C,B-D	4	2	1	2	2,2	A-C,B-D|A-D,B-C	7,7	1	212	44	13	0.7222222222222222	182,191,271,278,336,341,342,345,346,347,349,350,354	4	0	90.14804398581154	90.08023328237583	1.5533856791643044	1.5611821815018663	experiments/e158_c4_iptm90_joint_surrogate_af3_seed1/out_s0/ova_body_c4_121/seed-1_sample-0/ova_body_c4_121_seed-1_sample-0_model.cif
ova_body_c4_121	seed-1_sample-1	0.83	0.86	0	0	4	A-C,A-D,B-C,B-D	4	2	1	2	2,2	A-C,B-D|A-D,B-C	8,7	1	213	44	13	0.7222222222222222	182,191,271,278,336,341,342,345,346,347,349,350,354	4	0	90.28669038831879	90.21735740819743	1.531953753623177	1.5401569745215804	experiments/e158_c4_iptm90_joint_surrogate_af3_seed1/out_s0/ova_body_c4_121/seed-1_sample-1/ova_body_c4_121_seed-1_sample-1_model.cif
ova_body_c4_121	seed-1_sample-2	0.83	0.86	4	0	4	A-C,A-D,B-C,B-D	4	2	1	2	2,2	A-C,B-D|A-D,B-C	7,8	1	222	42	14	0.7777777777777778	182,191,271,276,278,336,341,342,345,346,347,349,350,354	4	0	90.25175522028474	90.17598447651443	1.5798112408746532	1.5900410787319408	experiments/e158_c4_iptm90_joint_surrogate_af3_seed1/out_s0/ova_body_c4_121/seed-1_sample-2/ova_body_c4_121_seed-1_sample-2_model.cif
ova_body_c4_121	seed-1_sample-3	0.83	0.86	3	0	4	A-C,A-D,B-C,B-D	4	2	1	2	2,2	A-C,B-D|A-D,B-C	8,7	1	232	47	13	0.7222222222222222	182,191,271,278,336,341,342,345,346,347,349,350,354	4	0	90.21696242396696	90.15411909627173	1.5875224397382757	1.5921883297440287	experiments/e158_c4_iptm90_joint_surrogate_af3_seed1/out_s0/ova_body_c4_121/seed-1_sample-3/ova_body_c4_121_seed-1_sample-3_model.cif
ova_body_c4_121	seed-1_sample-4	0.83	0.86	0	0	4	A-C,A-D,B-C,B-D	4	2	1	2	2,2	A-C,B-D|A-D,B-C	7,7	1	214	45	13	0.7222222222222222	182,191,271,278,336,341,342,345,346,347,349,350,354	4	0	90.29490283116158	90.23772014360972	1.5862725845843308	1.5946936888286565	experiments/e158_c4_iptm90_joint_surrogate_af3_seed1/out_s0/ova_body_c4_121/seed-1_sample-4/ova_body_c4_121_seed-1_sample-4_model.cif
ova_body_c4_17	seed-1_sample-0	0.29	0.45	26	0	4	A-B,A-D,B-C,C-D	4	2	1	2	2,2	A-B,C-D|A-D,B-C	13,2	0	392	77	14	0.8235294117647058	89,93,96,186,237,271,278,341,342,345,346,347,349,350	4	0	83.6309974823591	83.47266844517209	1.5577627805273404	1.564188569848051	experiments/e158_c4_iptm90_joint_surrogate_af3_seed1/out_s0/ova_body_c4_17/seed-1_sample-0/ova_body_c4_17_seed-1_sample-0_model.cif
ova_body_c4_17	seed-1_sample-1	0.31	0.47	8	0	4	A-B,A-D,B-C,C-D	4	2	1	2	2,2	A-B,C-D|A-D,B-C	13,5	1	469	90	15	0.8823529411764706	89,93,96,186,191,237,271,278,285,341,345,346,347,349,350	4	0	83.4765350312149	83.32002583439485	1.5818022709212567	1.5852963731009944	experiments/e158_c4_iptm90_joint_surrogate_af3_seed1/out_s0/ova_body_c4_17/seed-1_sample-1/ova_body_c4_17_seed-1_sample-1_model.cif
ova_body_c4_17	seed-1_sample-2	0.42	0.55	27	0	6	A-B,A-C,A-D,B-C,B-D,C-D	4	3	1	3	2,2,2	A-B,C-D|A-C,B-D|A-D,B-C	14,3,5	1	440	88	15	0.8823529411764706	89,93,96,186,191,237,271,278,341,342,345,346,347,349,350	4	0	84.18711124430048	84.04059577111754	1.5347214419285706	1.5438947271682828	experiments/e158_c4_iptm90_joint_surrogate_af3_seed1/out_s0/ova_body_c4_17/seed-1_sample-2/ova_body_c4_17_seed-1_sample-2_model.cif
ova_body_c4_17	seed-1_sample-3	0.31	0.46	8	0	4	A-B,A-D,B-C,C-D	4	2	1	2	2,2	A-B,C-D|A-D,B-C	14,4	1	394	78	16	0.9411764705882353	89,93,96,186,191,237,271,278,285,341,342,345,346,347,349,350	4	0	83.38531085246585	83.23955960841994	1.5151073402254873	1.5202831341590037	experiments/e158_c4_iptm90_joint_surrogate_af3_seed1/out_s0/ova_body_c4_17/seed-1_sample-3/ova_body_c4_17_seed-1_sample-3_model.cif
ova_body_c4_17	seed-1_sample-4	0.31	0.47	5	0	4	A-B,A-D,B-C,C-D	4	2	1	2	2,2	A-B,C-D|A-D,B-C	13,4	1	471	88	15	0.8823529411764706	89,93,96,186,191,237,271,278,285,341,345,346,347,349,350	4	0	83.53485096550976	83.40665807378107	1.5468929313945725	1.5580333809970222	experiments/e158_c4_iptm90_joint_surrogate_af3_seed1/out_s0/ova_body_c4_17/seed-1_sample-4/ova_body_c4_17_seed-1_sample-4_model.cif
ova_body_c4_25	seed-1_sample-0	0.82	0.85	0	0	4	A-C,A-D,B-C,B-D	4	2	1	2	2,2	A-C,B-D|A-D,B-C	5,8	1	216	46	12	0.7058823529411765	191,271,276,278,341,342,345,346,347,349,350,354	4	0	90.42132120181859	90.36238341257362	1.6040694399463404	1.6099138370442396	experiments/e158_c4_iptm90_joint_surrogate_af3_seed1/out_s0/ova_body_c4_25/seed-1_sample-0/ova_body_c4_25_seed-1_sample-0_model.cif
ova_body_c4_25	seed-1_sample-1	0.81	0.85	0	0	4	A-C,A-D,B-C,B-D	4	2	1	2	2,2	A-C,B-D|A-D,B-C	5,8	1	225	45	12	0.7058823529411765	191,271,276,278,341,342,345,346,347,349,350,354	4	0	90.118471637291	90.07137326255364	1.5454570356115085	1.556682237071654	experiments/e158_c4_iptm90_joint_surrogate_af3_seed1/out_s0/ova_body_c4_25/seed-1_sample-1/ova_body_c4_25_seed-1_sample-1_model.cif
ova_body_c4_25	seed-1_sample-2	0.82	0.85	4	0	4	A-C,A-D,B-C,B-D	4	2	1	2	2,2	A-C,B-D|A-D,B-C	5,8	1	238	49	12	0.7058823529411765	191,271,276,278,341,342,345,346,347,349,350,354	4	0	90.5902915149155	90.53974100221625	1.5950709691142757	1.603805845539291	experiments/e158_c4_iptm90_joint_surrogate_af3_seed1/out_s0/ova_body_c4_25/seed-1_sample-2/ova_body_c4_25_seed-1_sample-2_model.cif
ova_body_c4_25	seed-1_sample-3	0.82	0.85	12	0	4	A-C,A-D,B-C,B-D	4	2	1	2	2,2	A-C,B-D|A-D,B-C	6,8	1	240	45	11	0.6470588235294118	191,271,278,341,342,345,346,347,349,350,354	4	0	90.40868520242563	90.35637302102202	1.6396884960665024	1.6449639918217704	experiments/e158_c4_iptm90_joint_surrogate_af3_seed1/out_s0/ova_body_c4_25/seed-1_sample-3/ova_body_c4_25_seed-1_sample-3_model.cif
ova_body_c4_25	seed-1_sample-4	0.83	0.86	0	0	6	A-B,A-C,A-D,B-C,B-D,C-D	4	3	1	3	2,2,2	A-B,C-D|A-C,B-D|A-D,B-C	1,5,7	1	250	49	11	0.6470588235294118	191,271,278,341,342,345,346,347,349,350,354	4	0	90.45273964886839	90.40189109565063	1.6032574164759072	1.609258520817109	experiments/e158_c4_iptm90_joint_surrogate_af3_seed1/out_s0/ova_body_c4_25/seed-1_sample-4/ova_body_c4_25_seed-1_sample-4_model.cif
ova_body_c4_33	seed-1_sample-0	0.35	0.5	1	0	4	A-B,A-D,B-C,C-D	4	2	1	2	2,2	A-B,C-D|A-D,B-C	5,10	1	327	75	13	0.8666666666666667	89,93,96,191,271,278,285,341,345,346,347,349,350	4	0	86.07974100112915	85.93634728940657	1.6071175940238227	1.6118718673095778	experiments/e158_c4_iptm90_joint_surrogate_af3_seed1/out_s0/ova_body_c4_33/seed-1_sample-0/ova_body_c4_33_seed-1_sample-0_model.cif
ova_body_c4_33	seed-1_sample-1	0.39	0.53	2	0	4	A-B,A-D,B-C,C-D	4	2	1	2	2,2	A-B,C-D|A-D,B-C	6,10	1	343	74	14	0.9333333333333333	89,93,96,191,271,278,285,341,342,345,346,347,349,350	4	0	86.56527196310962	86.41901537050238	1.6226656532660733	1.6235221054950644	experiments/e158_c4_iptm90_joint_surrogate_af3_seed1/out_s0/ova_body_c4_33/seed-1_sample-1/ova_body_c4_33_seed-1_sample-1_model.cif
ova_body_c4_33	seed-1_sample-2	0.4	0.53	16	0	6	A-B,A-C,A-D,B-C,B-D,C-D	4	3	1	3	2,2,2	A-B,C-D|A-C,B-D|A-D,B-C	6,2,11	1	422	90	13	0.8666666666666667	89,93,96,191,271,278,341,342,345,346,347,349,350	4	0	86.57189762036418	86.40165782592457	1.6421487007594844	1.6514427177551396	experiments/e158_c4_iptm90_joint_surrogate_af3_seed1/out_s0/ova_body_c4_33/seed-1_sample-2/ova_body_c4_33_seed-1_sample-2_model.cif
ova_body_c4_33	seed-1_sample-3	0.35	0.5	4	0	6	A-B,A-C,A-D,B-C,B-D,C-D	4	3	1	3	2,2,2	A-B,C-D|A-C,B-D|A-D,B-C	8,2,8	1	456	88	12	0.8	89,93,96,191,278,285,341,342,346,347,349,350	4	0	85.19852975489562	85.04834195863397	1.6135696893799558	1.622293457044702	experiments/e158_c4_iptm90_joint_surrogate_af3_seed1/out_s0/ova_body_c4_33/seed-1_sample-3/ova_body_c4_33_seed-1_sample-3_model.cif
ova_body_c4_33	seed-1_sample-4	0.37	0.51	3	0	4	A-B,A-D,B-C,C-D	4	2	1	2	2,2	A-B,C-D|A-D,B-C	5,9	1	338	71	12	0.8	89,93,96,191,271,278,341,342,346,347,349,350	4	0	86.44222798619245	86.2983936349345	1.679795485431166	1.6844197967645518	experiments/e158_c4_iptm90_joint_surrogate_af3_seed1/out_s0/ova_body_c4_33/seed-1_sample-4/ova_body_c4_33_seed-1_sample-4_model.cif
ova_body_c4_41	seed-1_sample-0	0.82	0.85	0	0	6	A-B,A-C,A-D,B-C,B-D,C-D	4	3	1	3	2,2,2	A-B,C-D|A-C,B-D|A-D,B-C	5,2,8	1	218	47	13	0.7647058823529411	99,191,271,276,278,340,341,342,345,346,347,350,354	4	0	89.75193001198645	89.71251292055753	1.6223447965089135	1.6268862316477175	experiments/e158_c4_iptm90_joint_surrogate_af3_seed1/out_s0/ova_body_c4_41/seed-1_sample-0/ova_body_c4_41_seed-1_sample-0_model.cif
ova_body_c4_41	seed-1_sample-1	0.82	0.85	0	0	6	A-B,A-C,A-D,B-C,B-D,C-D	4	3	1	3	2,2,2	A-B,C-D|A-C,B-D|A-D,B-C	7,4,8	1	247	50	13	0.7647058823529411	99,191,271,276,278,340,341,342,345,346,347,350,354	4	0	89.61707251306643	89.54658014169011	1.6471630182862573	1.655671151742391	experiments/e158_c4_iptm90_joint_surrogate_af3_seed1/out_s0/ova_body_c4_41/seed-1_sample-1/ova_body_c4_41_seed-1_sample-1_model.cif
ova_body_c4_41	seed-1_sample-2	0.81	0.85	65	0	6	A-B,A-C,A-D,B-C,B-D,C-D	4	3	1	3	2,2,2	A-B,C-D|A-C,B-D|A-D,B-C	6,3,8	1	251	50	13	0.7647058823529411	99,191,271,276,278,340,341,342,345,346,347,350,354	4	0	89.82890541689383	89.76626950595045	1.6150314341467131	1.6195536174946414	experiments/e158_c4_iptm90_joint_surrogate_af3_seed1/out_s0/ova_body_c4_41/seed-1_sample-2/ova_body_c4_41_seed-1_sample-2_model.cif
ova_body_c4_41	seed-1_sample-3	0.8	0.84	0	0	4	A-C,A-D,B-C,B-D	4	2	1	2	2,2	A-C,B-D|A-D,B-C	2,8	0	203	41	11	0.6470588235294118	99,191,271,278,340,341,342,345,346,347,354	4	0	89.65773964422354	89.58829017994935	1.6244631277661852	1.626695885940793	experiments/e158_c4_iptm90_joint_surrogate_af3_seed1/out_s0/ova_body_c4_41/seed-1_sample-3/ova_body_c4_41_seed-1_sample-3_model.cif
ova_body_c4_41	seed-1_sample-4	0.81	0.84	3	0	6	A-B,A-C,A-D,B-C,B-D,C-D	4	3	1	3	2,2,2	A-B,C-D|A-C,B-D|A-D,B-C	5,3,8	1	227	49	13	0.7647058823529411	99,191,271,276,278,340,341,342,345,346,347,350,354	4	0	90.04165152564568	89.96725399630057	1.6362120521016592	1.6405023466450805	experiments/e158_c4_iptm90_joint_surrogate_af3_seed1/out_s0/ova_body_c4_41/seed-1_sample-4/ova_body_c4_41_seed-1_sample-4_model.cif
ova_body_c4_49	seed-1_sample-0	0.3	0.46	11	0	6	A-B,A-C,A-D,B-C,B-D,C-D	4	3	1	3	2,2,2	A-B,C-D|A-C,B-D|A-D,B-C	3,7,6	1	219	49	11	0.7333333333333333	191,271,276,278,341,342,345,346,347,350,354	4	0	86.16534972067325	86.05870467269976	1.632139596767112	1.6520666851812673	experiments/e158_c4_iptm90_joint_surrogate_af3_seed1/out_s0/ova_body_c4_49/seed-1_sample-0/ova_body_c4_49_seed-1_sample-0_model.cif
ova_body_c4_49	seed-1_sample-1	0.32	0.48	14	0	6	A-B,A-C,A-D,B-C,B-D,C-D	4	3	1	3	2,2,2	A-B,C-D|A-C,B-D|A-D,B-C	3,6,7	1	284	56	12	0.8	155,191,271,276,278,341,342,345,346,347,350,354	4	0	85.87656738103362	85.74691712176862	1.663336707603985	1.6749048110886073	experiments/e158_c4_iptm90_joint_surrogate_af3_seed1/out_s0/ova_body_c4_49/seed-1_sample-1/ova_body_c4_49_seed-1_sample-1_model.cif
ova_body_c4_49	seed-1_sample-2	0.26	0.43	2	0	6	A-B,A-C,A-D,B-C,B-D,C-D	4	3	1	3	2,2,2	A-B,C-D|A-C,B-D|A-D,B-C	3,7,5	1	272	52	12	0.8	191,271,276,278,341,342,345,346,347,349,350,354	4	0	85.780919670441	85.68137293899615	1.6502903931913073	1.6579060997569457	experiments/e158_c4_iptm90_joint_surrogate_af3_seed1/out_s0/ova_body_c4_49/seed-1_sample-2/ova_body_c4_49_seed-1_sample-2_model.cif
ova_body_c4_49	seed-1_sample-3	0.26	0.43	6	0	6	A-B,A-C,A-D,B-C,B-D,C-D	4	3	1	3	2,2,2	A-B,C-D|A-C,B-D|A-D,B-C	8,4,3	1	331	56	12	0.8	191,271,276,278,285,341,342,345,346,347,349,350	4	0	85.8525453305615	85.71937808101042	1.8452843983866574	1.8537091940876722	experiments/e158_c4_iptm90_joint_surrogate_af3_seed1/out_s0/ova_body_c4_49/seed-1_sample-3/ova_body_c4_49_seed-1_sample-3_model.cif
ova_body_c4_49	seed-1_sample-4	0.35	0.5	6	0	6	A-B,A-C,A-D,B-C,B-D,C-D	4	3	1	3	2,2,2	A-B,C-D|A-C,B-D|A-D,B-C	3,6,7	1	269	60	13	0.8666666666666667	155,191,271,276,278,285,341,342,345,346,347,350,354	4	0	85.96390548024152	85.8561657228618	1.6922777944319518	1.6994778383250475	experiments/e158_c4_iptm90_joint_surrogate_af3_seed1/out_s0/ova_body_c4_49/seed-1_sample-4/ova_body_c4_49_seed-1_sample-4_model.cif
ova_body_c4_57	seed-1_sample-0	0.37	0.51	4	0	6	A-B,A-C,A-D,B-C,B-D,C-D	4	3	1	3	2,2,2	A-B,C-D|A-C,B-D|A-D,B-C	8,5,9	1	258	55	15	0.8823529411764706	99,155,191,271,276,278,285,340,341,342,345,346,347,350,354	4	0	85.92778499138788	85.80248709169695	1.5979709279137806	1.6056805651253176	experiments/e158_c4_iptm90_joint_surrogate_af3_seed1/out_s0/ova_body_c4_57/seed-1_sample-0/ova_body_c4_57_seed-1_sample-0_model.cif
ova_body_c4_57	seed-1_sample-1	0.4	0.54	24	0	6	A-B,A-C,A-D,B-C,B-D,C-D	4	3	1	3	2,2,2	A-B,C-D|A-C,B-D|A-D,B-C	8,4,8	1	205	44	14	0.8235294117647058	99,155,191,271,276,278,340,341,342,345,346,347,350,354	4	0	86.42375650801189	86.3232126285375	1.5725522905796383	1.57736200493643	experiments/e158_c4_iptm90_joint_surrogate_af3_seed1/out_s0/ova_body_c4_57/seed-1_sample-1/ova_body_c4_57_seed-1_sample-1_model.cif
ova_body_c4_57	seed-1_sample-2	0.41	0.54	27	0	6	A-B,A-C,A-D,B-C,B-D,C-D	4	3	1	3	2,2,2	A-B,C-D|A-C,B-D|A-D,B-C	6,5,8	1	256	48	13	0.7647058823529411	99,191,271,276,278,340,341,342,345,346,347,350,354	4	0	86.46587439645756	86.37069932907974	1.1800389569245608	1.1857473490781405	experiments/e158_c4_iptm90_joint_surrogate_af3_seed1/out_s0/ova_body_c4_57/seed-1_sample-2/ova_body_c4_57_seed-1_sample-2_model.cif
ova_body_c4_57	seed-1_sample-3	0.38	0.52	7	0	4	A-C,A-D,B-C,B-D	4	2	1	2	2,2	A-C,B-D|A-D,B-C	4,8	1	160	37	12	0.7058823529411765	99,155,191,271,276,278,340,341,342,345,346,354	4	0	86.80355558494212	86.72075131273023	1.562780637817463	1.570400604430617	experiments/e158_c4_iptm90_joint_surrogate_af3_seed1/out_s0/ova_body_c4_57/seed-1_sample-3/ova_body_c4_57_seed-1_sample-3_model.cif
ova_body_c4_57	seed-1_sample-4	0.37	0.51	2	0	6	A-B,A-C,A-D,B-C,B-D,C-D	4	3	1	3	2,2,2	A-B,C-D|A-C,B-D|A-D,B-C	8,5,9	1	283	57	15	0.8823529411764706	99,155,191,271,276,278,285,340,341,342,345,346,347,350,354	4	0	86.59288851090663	86.50424868331672	1.5633264466641188	1.56528955280616	experiments/e158_c4_iptm90_joint_surrogate_af3_seed1/out_s0/ova_body_c4_57/seed-1_sample-4/ova_body_c4_57_seed-1_sample-4_model.cif
ova_body_c4_65	seed-1_sample-0	0.8	0.84	0	0	4	A-C,A-D,B-C,B-D	4	2	1	2	2,2	A-C,B-D|A-D,B-C	5,8	1	212	45	12	0.7058823529411765	191,271,276,278,341,342,343,345,346,347,349,350	4	0	89.97512942645216	89.92189108893044	1.5602059938492412	1.5663693760255204	experiments/e158_c4_iptm90_joint_surrogate_af3_seed1/out_s0/ova_body_c4_65/seed-1_sample-0/ova_body_c4_65_seed-1_sample-0_model.cif
ova_body_c4_65	seed-1_sample-1	0.82	0.85	0	0	4	A-C,A-D,B-C,B-D	4	2	1	2	2,2	A-C,B-D|A-D,B-C	6,8	1	239	47	12	0.7058823529411765	191,271,276,278,341,342,343,345,346,347,349,350	4	0	90.15720850445446	90.08139905781326	1.524428869822331	1.5332184605093087	experiments/e158_c4_iptm90_joint_surrogate_af3_seed1/out_s0/ova_body_c4_65/seed-1_sample-1/ova_body_c4_65_seed-1_sample-1_model.cif
ova_body_c4_65	seed-1_sample-2	0.81	0.84	0	0	4	A-C,A-D,B-C,B-D	4	2	1	2	2,2	A-C,B-D|A-D,B-C	6,8	1	230	44	12	0.7058823529411765	191,271,276,278,341,342,343,345,346,347,349,350	4	0	90.1282836736175	90.07735744535614	1.5664789423972394	1.5774072398103787	experiments/e158_c4_iptm90_joint_surrogate_af3_seed1/out_s0/ova_body_c4_65/seed-1_sample-2/ova_body_c4_65_seed-1_sample-2_model.cif
ova_body_c4_65	seed-1_sample-3	0.81	0.85	3	0	4	A-C,A-D,B-C,B-D	4	2	1	2	2,2	A-C,B-D|A-D,B-C	7,8	1	245	48	12	0.7058823529411765	191,271,276,278,341,342,343,345,346,347,349,350	4	0	90.05851679885943	90.012435260832	1.5770397865859869	1.582739104736363	experiments/e158_c4_iptm90_joint_surrogate_af3_seed1/out_s0/ova_body_c4_65/seed-1_sample-3/ova_body_c4_65_seed-1_sample-3_model.cif
ova_body_c4_65	seed-1_sample-4	0.81	0.84	0	0	6	A-B,A-C,A-D,B-C,B-D,C-D	4	3	1	3	2,2,2	A-B,C-D|A-C,B-D|A-D,B-C	1,5,7	1	239	48	11	0.6470588235294118	191,271,278,341,342,343,345,346,347,349,350	4	0	89.93265543082835	89.88841968002714	1.6041332871421583	1.6098988660493756	experiments/e158_c4_iptm90_joint_surrogate_af3_seed1/out_s0/ova_body_c4_65/seed-1_sample-4/ova_body_c4_65_seed-1_sample-4_model.cif
ova_body_c4_73	seed-1_sample-0	0.85	0.88	0	0	4	A-C,A-D,B-C,B-D	4	2	1	2	2,2	A-C,B-D|A-D,B-C	6,9	1	247	49	13	0.7647058823529411	182,191,271,276,278,342,343,345,346,347,349,350,354	4	0	90.956230548997	90.91134715697926	1.5768685574466677	1.5832870133779833	experiments/e158_c4_iptm90_joint_surrogate_af3_seed1/out_s0/ova_body_c4_73/seed-1_sample-0/ova_body_c4_73_seed-1_sample-0_model.cif
ova_body_c4_73	seed-1_sample-1	0.85	0.87	0	0	6	A-B,A-C,A-D,B-C,B-D,C-D	4	3	1	3	2,2,2	A-B,C-D|A-C,B-D|A-D,B-C	2,6,9	1	256	48	13	0.7647058823529411	182,191,271,276,278,342,343,345,346,347,349,350,354	4	0	90.86672283330729	90.77544072007886	1.540942610215273	1.5473935339993938	experiments/e158_c4_iptm90_joint_surrogate_af3_seed1/out_s0/ova_body_c4_73/seed-1_sample-1/ova_body_c4_73_seed-1_sample-1_model.cif
ova_body_c4_73	seed-1_sample-2	0.85	0.88	0	0	4	A-C,A-D,B-C,B-D	4	2	1	2	2,2	A-C,B-D|A-D,B-C	6,9	1	253	49	13	0.7647058823529411	182,191,271,276,278,342,343,345,346,347,349,350,354	4	0	91.05019426839957	90.98590673930904	1.587302167276839	1.5991891913825185	experiments/e158_c4_iptm90_joint_surrogate_af3_seed1/out_s0/ova_body_c4_73/seed-1_sample-2/ova_body_c4_73_seed-1_sample-2_model.cif
ova_body_c4_73	seed-1_sample-3	0.85	0.88	0	0	6	A-B,A-C,A-D,B-C,B-D,C-D	4	3	1	3	2,2,2	A-B,C-D|A-C,B-D|A-D,B-C	2,6,9	1	264	50	13	0.7647058823529411	182,191,271,276,278,342,343,345,346,347,349,350,354	4	0	90.94848446524823	90.88443009964543	1.5875019790552418	1.5921892174106793	experiments/e158_c4_iptm90_joint_surrogate_af3_seed1/out_s0/ova_body_c4_73/seed-1_sample-3/ova_body_c4_73_seed-1_sample-3_model.cif
ova_body_c4_73	seed-1_sample-4	0.85	0.87	0	0	6	A-B,A-C,A-D,B-C,B-D,C-D	4	3	1	3	2,2,2	A-B,C-D|A-C,B-D|A-D,B-C	1,6,9	1	255	49	13	0.7647058823529411	182,191,271,276,278,342,343,345,346,347,349,350,354	4	0	90.98362050278817	90.9384197571117	1.5753917443784036	1.5837024082095952	experiments/e158_c4_iptm90_joint_surrogate_af3_seed1/out_s0/ova_body_c4_73/seed-1_sample-4/ova_body_c4_73_seed-1_sample-4_model.cif
ova_body_c4_81	seed-1_sample-0	0.84	0.87	0	0	6	A-B,A-C,A-D,B-C,B-D,C-D	4	3	1	3	2,2,2	A-B,C-D|A-C,B-D|A-D,B-C	2,7,6	1	216	49	12	0.7058823529411765	182,191,271,276,278,341,342,345,346,347,350,354	4	0	89.95155437993262	89.8885232302809	1.594189015478067	1.6032862341300236	experiments/e158_c4_iptm90_joint_surrogate_af3_seed1/out_s0/ova_body_c4_81/seed-1_sample-0/ova_body_c4_81_seed-1_sample-0_model.cif
ova_body_c4_81	seed-1_sample-1	0.84	0.86	0	0	6	A-B,A-C,A-D,B-C,B-D,C-D	4	3	1	3	2,2,2	A-B,C-D|A-C,B-D|A-D,B-C	3,7,6	1	232	49	12	0.7058823529411765	182,191,271,276,278,341,342,345,346,347,350,354	4	0	90.0767811518259	89.98512956886094	1.5560003463273606	1.5680868442479616	experiments/e158_c4_iptm90_joint_surrogate_af3_seed1/out_s0/ova_body_c4_81/seed-1_sample-1/ova_body_c4_81_seed-1_sample-1_model.cif
ova_body_c4_81	seed-1_sample-2	0.84	0.87	4	0	6	A-B,A-C,A-D,B-C,B-D,C-D	4	3	1	3	2,2,2	A-B,C-D|A-C,B-D|A-D,B-C	2,7,7	1	233	51	13	0.7647058823529411	182,191,271,276,278,341,342,345,346,347,349,350,354	4	0	90.20676817424557	90.15129540003643	1.5729482878268566	1.5844079861454368	experiments/e158_c4_iptm90_joint_surrogate_af3_seed1/out_s0/ova_body_c4_81/seed-1_sample-2/ova_body_c4_81_seed-1_sample-2_model.cif
ova_body_c4_81	seed-1_sample-3	0.84	0.87	4	0	6	A-B,A-C,A-D,B-C,B-D,C-D	4	3	1	3	2,2,2	A-B,C-D|A-C,B-D|A-D,B-C	2,7,6	1	237	49	12	0.7058823529411765	182,191,271,276,278,341,342,345,346,347,350,354	4	0	90.14500006739958	90.0923574576106	1.5921522951848681	1.5983309047453027	experiments/e158_c4_iptm90_joint_surrogate_af3_seed1/out_s0/ova_body_c4_81/seed-1_sample-3/ova_body_c4_81_seed-1_sample-3_model.cif
ova_body_c4_81	seed-1_sample-4	0.85	0.87	0	0	6	A-B,A-C,A-D,B-C,B-D,C-D	4	3	1	3	2,2,2	A-B,C-D|A-C,B-D|A-D,B-C	3,7,6	1	267	56	13	0.7647058823529411	182,191,271,276,278,341,342,345,346,347,349,350,354	4	0	89.71244815964774	89.67196885538843	1.6119727703704116	1.6148427842239288	experiments/e158_c4_iptm90_joint_surrogate_af3_seed1/out_s0/ova_body_c4_81/seed-1_sample-4/ova_body_c4_81_seed-1_sample-4_model.cif
ova_body_c4_89	seed-1_sample-0	0.8	0.84	0	0	6	A-B,A-C,A-D,B-C,B-D,C-D	4	3	1	3	2,2,2	A-B,C-D|A-C,B-D|A-D,B-C	3,7,8	1	247	49	14	0.7	96,191,271,278,341,342,343,345,346,347,348,350,354,356	4	0	89.70238990981343	89.6463729680511	1.6767550568678091	1.6865310897651564	experiments/e158_c4_iptm90_joint_surrogate_af3_seed1/out_s0/ova_body_c4_89/seed-1_sample-0/ova_body_c4_89_seed-1_sample-0_model.cif
ova_body_c4_89	seed-1_sample-1	0.78	0.83	22	0	6	A-B,A-C,A-D,B-C,B-D,C-D	4	3	1	3	2,2,2	A-B,C-D|A-C,B-D|A-D,B-C	4,9,8	1	259	48	14	0.7	96,191,271,278,341,342,343,345,346,347,348,350,354,356	4	0	89.4290414721237	89.39041449986591	1.6764947734208162	1.685571088188975	experiments/e158_c4_iptm90_joint_surrogate_af3_seed1/out_s0/ova_body_c4_89/seed-1_sample-1/ova_body_c4_89_seed-1_sample-1_model.cif
ova_body_c4_89	seed-1_sample-2	0.8	0.83	25	0	6	A-B,A-C,A-D,B-C,B-D,C-D	4	3	1	3	2,2,2	A-B,C-D|A-C,B-D|A-D,B-C	2,9,8	1	252	50	14	0.7	96,191,271,278,341,342,343,345,346,347,348,350,354,356	4	0	89.73920983477578	89.71463731162906	1.681596019333776	1.686637660035084	experiments/e158_c4_iptm90_joint_surrogate_af3_seed1/out_s0/ova_body_c4_89/seed-1_sample-2/ova_body_c4_89_seed-1_sample-2_model.cif
ova_body_c4_89	seed-1_sample-3	0.79	0.83	5	0	6	A-B,A-C,A-D,B-C,B-D,C-D	4	3	1	3	2,2,2	A-B,C-D|A-C,B-D|A-D,B-C	5,8,8	1	256	48	14	0.7	96,191,271,278,341,342,343,345,346,347,348,350,354,356	4	0	89.57609457302587	89.52310873436804	1.6819667786152301	1.688499398667472	experiments/e158_c4_iptm90_joint_surrogate_af3_seed1/out_s0/ova_body_c4_89/seed-1_sample-3/ova_body_c4_89_seed-1_sample-3_model.cif
ova_body_c4_89	seed-1_sample-4	0.79	0.83	12	0	6	A-B,A-C,A-D,B-C,B-D,C-D	4	3	1	3	2,2,2	A-B,C-D|A-C,B-D|A-D,B-C	4,9,9	1	277	53	15	0.75	96,191,271,278,341,342,343,345,346,347,348,349,350,354,356	4	0	89.38470861454702	89.33085497920378	1.7430278483969748	1.749749608756031	experiments/e158_c4_iptm90_joint_surrogate_af3_seed1/out_s0/ova_body_c4_89/seed-1_sample-4/ova_body_c4_89_seed-1_sample-4_model.cif
ova_body_c4_97	seed-1_sample-0	0.84	0.86	1	0	4	A-B,A-C,B-D,C-D	4	2	1	2	2,2	A-B,C-D|A-C,B-D	2,7	0	207	48	13	0.65	182,191,271,276,278,341,342,345,346,347,350,354,356	4	0	90.19899617575611	90.15681344857488	1.5539095459048098	1.563037898472672	experiments/e158_c4_iptm90_joint_surrogate_af3_seed1/out_s0/ova_body_c4_97/seed-1_sample-0/ova_body_c4_97_seed-1_sample-0_model.cif
ova_body_c4_97	seed-1_sample-1	0.84	0.87	1	0	6	A-B,A-C,A-D,B-C,B-D,C-D	4	3	1	3	2,2,2	A-B,C-D|A-C,B-D|A-D,B-C	2,7,8	1	238	48	13	0.65	182,191,271,276,278,341,342,343,345,346,347,350,354	4	0	90.47751292787068	90.42984453507655	1.568911384644495	1.583057521596185	experiments/e158_c4_iptm90_joint_surrogate_af3_seed1/out_s0/ova_body_c4_97/seed-1_sample-1/ova_body_c4_97_seed-1_sample-1_model.cif
ova_body_c4_97	seed-1_sample-2	0.84	0.87	4	0	4	A-B,A-C,B-D,C-D	4	2	1	2	2,2	A-B,C-D|A-C,B-D	2,7	0	217	47	13	0.65	182,191,271,276,278,341,342,343,345,346,347,350,354	4	0	90.45054405587942	90.41945600756709	1.5823446728687471	1.5926230792159546	experiments/e158_c4_iptm90_joint_surrogate_af3_seed1/out_s0/ova_body_c4_97/seed-1_sample-2/ova_body_c4_97_seed-1_sample-2_model.cif
ova_body_c4_97	seed-1_sample-3	0.84	0.87	4	0	4	A-B,A-C,B-D,C-D	4	2	1	2	2,2	A-B,C-D|A-C,B-D	3,7	1	244	48	13	0.65	182,191,271,276,278,341,342,343,345,346,347,350,354	4	0	90.41026555688887	90.37256483957557	1.58315762648642	1.5906600052754216	experiments/e158_c4_iptm90_joint_surrogate_af3_seed1/out_s0/ova_body_c4_97/seed-1_sample-3/ova_body_c4_97_seed-1_sample-3_model.cif
ova_body_c4_97	seed-1_sample-4	0.85	0.87	2	0	6	A-B,A-C,A-D,B-C,B-D,C-D	4	3	1	3	2,2,2	A-B,C-D|A-C,B-D|A-D,B-C	2,8,6	1	236	51	13	0.65	182,191,271,276,278,341,342,343,345,346,347,350,354	4	0	89.88194957545385	89.84673569239483	1.629734146249868	1.6342949944582181	experiments/e158_c4_iptm90_joint_surrogate_af3_seed1/out_s0/ova_body_c4_97/seed-1_sample-4/ova_body_c4_97_seed-1_sample-4_model.cif
