system	model	n_chains	iptm	ptm	min_ova_plddt	min_module_plddt	min_binder_plddt	ranking_score	has_clash	contact_edges	largest_component	full_connected	module_full_connected	total_contacts	ova_contacts	module_contacts	min_incident_iptm	contact_pair_iptm_median	contact_pair_pae_median	contacts_json	interface_residues_json	summary_path	cif_path
ova_body_c4_01	seed-1_sample-0	4	0.3	0.45	80.75129531208097	nan	nan	0.33	0.0	6	4	1	0	208	208	0	0.41	0.14	23.939999999999998	"{""A-B"": 66, ""A-C"": 16, ""A-D"": 25, ""B-C"": 16, ""B-D"": 21, ""C-D"": 64}"	[1, 64, 65, 67, 68, 70, 72, 78, 79, 82, 86, 92, 93, 95, 96, 97, 98, 101, 123, 127, 141, 144, 145, 148, 149, 151, 152, 153, 155, 156, 157, 182, 184, 186, 187, 188, 189, 196, 208, 210, 216, 217, 234, 237, 238, 271, 276, 278, 285, 287, 334, 336, 339, 340, 341, 342, 343, 346, 347, 348, 373]	experiments/e87_free_dimer_direct_c4/prepared/out_s0/ova_body_c4_01/seed-1_sample-0/ova_body_c4_01_seed-1_sample-0_summary_confidences.json	experiments/e87_free_dimer_direct_c4/prepared/out_s0/ova_body_c4_01/seed-1_sample-0/ova_body_c4_01_seed-1_sample-0_model.cif
ova_body_c4_01	seed-1_sample-1	4	0.36	0.5	80.7196372926544	nan	nan	0.39	0.0	6	4	1	0	374	374	0	0.41	0.26	19.689999999999998	"{""A-B"": 45, ""A-C"": 26, ""A-D"": 113, ""B-C"": 122, ""B-D"": 23, ""C-D"": 45}"	[1, 2, 3, 4, 5, 64, 65, 68, 70, 71, 72, 78, 79, 82, 83, 86, 87, 89, 90, 92, 93, 95, 96, 97, 98, 152, 155, 156, 157, 159, 182, 184, 186, 187, 188, 190, 216, 217, 219, 232, 234, 236, 237, 238, 239, 241, 266, 270, 271, 275, 276, 277, 278, 285, 287, 289, 332, 334, 338, 339, 340, 341, 343, 344, 345, 346, 348, 351, 353, 354, 356, 372, 373, 374, 375]	experiments/e87_free_dimer_direct_c4/prepared/out_s0/ova_body_c4_01/seed-1_sample-1/ova_body_c4_01_seed-1_sample-1_summary_confidences.json	experiments/e87_free_dimer_direct_c4/prepared/out_s0/ova_body_c4_01/seed-1_sample-1/ova_body_c4_01_seed-1_sample-1_model.cif
ova_body_c4_01	seed-1_sample-2	4	0.38	0.52	80.47072543999074	nan	nan	0.41	0.0	4	4	1	0	356	356	0	0.46	0.365	14.36	"{""A-B"": 53, ""A-C"": 1, ""A-D"": 122, ""B-C"": 121, ""B-D"": 1, ""C-D"": 58}"	[1, 2, 3, 4, 5, 64, 65, 68, 70, 72, 78, 79, 83, 86, 87, 89, 90, 92, 93, 94, 95, 97, 98, 99, 101, 123, 124, 127, 151, 152, 153, 155, 156, 157, 182, 184, 186, 187, 188, 210, 216, 217, 219, 232, 234, 236, 237, 238, 239, 241, 266, 270, 271, 272, 275, 276, 277, 278, 285, 287, 334, 336, 338, 339, 340, 342, 345, 351, 353, 354, 372, 373, 374, 375]	experiments/e87_free_dimer_direct_c4/prepared/out_s0/ova_body_c4_01/seed-1_sample-2/ova_body_c4_01_seed-1_sample-2_summary_confidences.json	experiments/e87_free_dimer_direct_c4/prepared/out_s0/ova_body_c4_01/seed-1_sample-2/ova_body_c4_01_seed-1_sample-2_model.cif
ova_body_c4_01	seed-1_sample-3	4	0.3	0.45	80.4562952011978	nan	nan	0.33	0.0	6	4	1	0	287	287	0	0.41	0.14	23.795	"{""A-B"": 72, ""A-C"": 23, ""A-D"": 43, ""B-C"": 39, ""B-D"": 37, ""C-D"": 73}"	[1, 64, 65, 67, 68, 69, 70, 71, 72, 73, 77, 78, 79, 82, 86, 89, 90, 94, 95, 96, 97, 98, 99, 101, 123, 127, 128, 141, 144, 145, 148, 149, 151, 152, 153, 155, 156, 157, 182, 184, 186, 187, 188, 196, 208, 210, 216, 217, 234, 236, 237, 238, 271, 275, 276, 278, 285, 287, 334, 336, 338, 339, 340, 342, 343, 344, 346, 347, 348, 349, 350, 351, 354, 373]	experiments/e87_free_dimer_direct_c4/prepared/out_s0/ova_body_c4_01/seed-1_sample-3/ova_body_c4_01_seed-1_sample-3_summary_confidences.json	experiments/e87_free_dimer_direct_c4/prepared/out_s0/ova_body_c4_01/seed-1_sample-3/ova_body_c4_01_seed-1_sample-3_model.cif
ova_body_c4_01	seed-1_sample-4	4	0.3	0.45	80.7537304725054	nan	nan	0.33	0.0	6	4	1	0	309	309	0	0.44	0.14	23.56	"{""A-B"": 55, ""A-C"": 60, ""A-D"": 40, ""B-C"": 38, ""B-D"": 59, ""C-D"": 57}"	[1, 64, 65, 67, 68, 69, 70, 72, 73, 74, 78, 79, 82, 83, 85, 86, 89, 90, 93, 94, 95, 96, 97, 98, 101, 141, 144, 145, 148, 149, 151, 152, 153, 155, 156, 157, 182, 186, 187, 188, 189, 196, 208, 210, 216, 217, 234, 236, 237, 238, 239, 271, 276, 278, 285, 287, 334, 336, 339, 340, 341, 342, 348, 350, 372, 373]	experiments/e87_free_dimer_direct_c4/prepared/out_s0/ova_body_c4_01/seed-1_sample-4/ova_body_c4_01_seed-1_sample-4_summary_confidences.json	experiments/e87_free_dimer_direct_c4/prepared/out_s0/ova_body_c4_01/seed-1_sample-4/ova_body_c4_01_seed-1_sample-4_model.cif
ova_body_c4_02	seed-2_sample-0	4	0.26	0.43	81.96525914187258	nan	nan	0.29	0.0	6	4	1	0	250	250	0	0.2	0.195	18.055	"{""A-B"": 28, ""A-C"": 46, ""A-D"": 50, ""B-C"": 53, ""B-D"": 44, ""C-D"": 29}"	[26, 93, 95, 96, 97, 98, 99, 101, 144, 147, 148, 151, 152, 155, 156, 157, 159, 160, 182, 183, 184, 185, 186, 187, 188, 190, 192, 193, 194, 195, 196, 197, 198, 205, 206, 208, 210, 211, 215, 216, 236, 237, 238, 278, 285, 287, 289, 332, 334, 336, 337, 338, 339, 340, 341, 342, 343, 344, 345, 346, 347, 348, 349, 350, 351, 354, 355, 356]	experiments/e87_free_dimer_direct_c4/prepared/out_s1/ova_body_c4_02/seed-2_sample-0/ova_body_c4_02_seed-2_sample-0_summary_confidences.json	experiments/e87_free_dimer_direct_c4/prepared/out_s1/ova_body_c4_02/seed-2_sample-0/ova_body_c4_02_seed-2_sample-0_model.cif
ova_body_c4_02	seed-2_sample-1	4	0.24	0.41	81.66958532185134	nan	nan	0.28	0.0	6	4	1	0	227	227	0	0.19	0.175	18.604999999999997	"{""A-B"": 34, ""A-C"": 35, ""A-D"": 44, ""B-C"": 46, ""B-D"": 38, ""C-D"": 30}"	[93, 94, 95, 96, 97, 98, 99, 100, 144, 147, 148, 151, 152, 155, 156, 157, 159, 160, 182, 183, 184, 185, 186, 187, 188, 189, 190, 192, 194, 195, 196, 197, 198, 206, 208, 213, 215, 216, 236, 237, 285, 287, 289, 334, 336, 337, 338, 339, 340, 341, 342, 343, 344, 345, 346, 347, 348, 349, 350, 351, 353, 354, 355, 356]	experiments/e87_free_dimer_direct_c4/prepared/out_s1/ova_body_c4_02/seed-2_sample-1/ova_body_c4_02_seed-2_sample-1_summary_confidences.json	experiments/e87_free_dimer_direct_c4/prepared/out_s1/ova_body_c4_02/seed-2_sample-1/ova_body_c4_02_seed-2_sample-1_model.cif
ova_body_c4_02	seed-2_sample-2	4	0.24	0.41	82.65181330942737	nan	nan	0.27	0.0	4	4	1	0	222	222	0	0.2	0.2	17.729999999999997	"{""A-B"": 57, ""A-C"": 0, ""A-D"": 53, ""B-C"": 57, ""B-D"": 0, ""C-D"": 55}"	[95, 96, 97, 99, 101, 149, 152, 153, 155, 156, 182, 184, 186, 188, 192, 194, 195, 196, 197, 198, 204, 205, 206, 207, 208, 213, 236, 237, 238, 239, 280, 336, 337, 338, 339, 340, 342, 343, 344, 345, 346, 347, 350, 351, 352, 353, 355, 358, 360]	experiments/e87_free_dimer_direct_c4/prepared/out_s1/ova_body_c4_02/seed-2_sample-2/ova_body_c4_02_seed-2_sample-2_summary_confidences.json	experiments/e87_free_dimer_direct_c4/prepared/out_s1/ova_body_c4_02/seed-2_sample-2/ova_body_c4_02_seed-2_sample-2_model.cif
ova_body_c4_02	seed-2_sample-3	4	0.22	0.4	82.42165799709181	nan	nan	0.26	0.0	4	4	1	0	210	210	0	0.18	0.18	18.395	"{""A-B"": 55, ""A-C"": 0, ""A-D"": 56, ""B-C"": 50, ""B-D"": 0, ""C-D"": 49}"	[95, 96, 97, 98, 99, 101, 152, 153, 155, 156, 182, 184, 186, 187, 188, 192, 194, 195, 196, 197, 198, 205, 206, 208, 213, 236, 237, 238, 239, 280, 336, 337, 338, 339, 340, 342, 343, 344, 345, 346, 347, 350, 352, 355, 358, 360]	experiments/e87_free_dimer_direct_c4/prepared/out_s1/ova_body_c4_02/seed-2_sample-3/ova_body_c4_02_seed-2_sample-3_summary_confidences.json	experiments/e87_free_dimer_direct_c4/prepared/out_s1/ova_body_c4_02/seed-2_sample-3/ova_body_c4_02_seed-2_sample-3_model.cif
ova_body_c4_02	seed-2_sample-4	4	0.25	0.42	81.5440156867467	nan	nan	0.28	0.0	6	4	1	0	259	259	0	0.15	0.15	18.04	"{""A-B"": 56, ""A-C"": 41, ""A-D"": 34, ""B-C"": 37, ""B-D"": 39, ""C-D"": 52}"	[26, 27, 94, 95, 97, 98, 99, 100, 144, 147, 148, 151, 152, 155, 156, 157, 159, 160, 164, 182, 183, 184, 185, 186, 187, 188, 189, 190, 192, 193, 194, 195, 196, 197, 198, 199, 205, 206, 207, 208, 213, 214, 215, 216, 236, 237, 278, 287, 288, 289, 290, 291, 332, 334, 336, 337, 338, 339, 341, 342, 343, 344, 345, 346, 347, 348, 349, 350, 351, 354, 355, 356, 385]	experiments/e87_free_dimer_direct_c4/prepared/out_s1/ova_body_c4_02/seed-2_sample-4/ova_body_c4_02_seed-2_sample-4_summary_confidences.json	experiments/e87_free_dimer_direct_c4/prepared/out_s1/ova_body_c4_02/seed-2_sample-4/ova_body_c4_02_seed-2_sample-4_model.cif
ova_body_c4_03	seed-3_sample-0	4	0.23	0.4	80.37735748291016	nan	nan	0.27	0.0	4	4	1	0	148	148	0	0.19	0.19	17.700000000000003	"{""A-B"": 41, ""A-C"": 0, ""A-D"": 32, ""B-C"": 38, ""B-D"": 0, ""C-D"": 37}"	[95, 96, 97, 99, 101, 152, 153, 155, 156, 182, 184, 186, 188, 190, 192, 194, 195, 196, 197, 198, 206, 208, 211, 213, 237, 280, 282, 336, 338, 339, 340, 341, 342, 344, 347, 356, 358, 360]	experiments/e87_free_dimer_direct_c4/prepared/out_s2/ova_body_c4_03/seed-3_sample-0/ova_body_c4_03_seed-3_sample-0_summary_confidences.json	experiments/e87_free_dimer_direct_c4/prepared/out_s2/ova_body_c4_03/seed-3_sample-0/ova_body_c4_03_seed-3_sample-0_model.cif
ova_body_c4_03	seed-3_sample-1	4	0.26	0.42	81.88955954813586	nan	nan	0.29	0.0	6	4	1	0	203	203	0	0.18	0.18	18.810000000000002	"{""A-B"": 36, ""A-C"": 48, ""A-D"": 23, ""B-C"": 29, ""B-D"": 29, ""C-D"": 38}"	[95, 96, 97, 98, 99, 144, 147, 148, 151, 152, 155, 156, 157, 159, 160, 182, 184, 185, 186, 187, 188, 190, 194, 195, 196, 197, 198, 206, 208, 215, 216, 236, 237, 278, 285, 287, 289, 334, 336, 337, 338, 339, 340, 341, 342, 343, 344, 345, 346, 347, 348, 350, 351, 354, 355, 356]	experiments/e87_free_dimer_direct_c4/prepared/out_s2/ova_body_c4_03/seed-3_sample-1/ova_body_c4_03_seed-3_sample-1_summary_confidences.json	experiments/e87_free_dimer_direct_c4/prepared/out_s2/ova_body_c4_03/seed-3_sample-1/ova_body_c4_03_seed-3_sample-1_model.cif
ova_body_c4_03	seed-3_sample-2	4	0.25	0.42	81.76233161175189	nan	nan	0.28	0.0	6	4	1	0	210	210	0	0.15	0.15	19.005000000000003	"{""A-B"": 52, ""A-C"": 36, ""A-D"": 23, ""B-C"": 18, ""B-D"": 36, ""C-D"": 45}"	[94, 95, 96, 97, 98, 99, 144, 145, 147, 148, 151, 152, 154, 155, 156, 157, 159, 160, 182, 184, 185, 186, 187, 188, 189, 190, 194, 195, 196, 197, 198, 206, 208, 214, 215, 216, 217, 236, 237, 238, 278, 289, 334, 337, 338, 339, 341, 342, 343, 344, 345, 346, 347, 348, 349, 350, 351, 353, 354, 355, 356]	experiments/e87_free_dimer_direct_c4/prepared/out_s2/ova_body_c4_03/seed-3_sample-2/ova_body_c4_03_seed-3_sample-2_summary_confidences.json	experiments/e87_free_dimer_direct_c4/prepared/out_s2/ova_body_c4_03/seed-3_sample-2/ova_body_c4_03_seed-3_sample-2_model.cif
ova_body_c4_03	seed-3_sample-3	4	0.25	0.42	81.39792746706948	nan	nan	0.28	0.0	5	4	1	0	247	247	0	0.19	0.19	18.38	"{""A-B"": 53, ""A-C"": 0, ""A-D"": 37, ""B-C"": 40, ""B-D"": 65, ""C-D"": 52}"	[92, 93, 94, 95, 96, 97, 98, 99, 100, 101, 128, 131, 148, 149, 152, 153, 154, 155, 156, 157, 180, 181, 182, 184, 186, 187, 188, 190, 192, 194, 195, 196, 197, 198, 201, 205, 206, 207, 208, 215, 216, 236, 237, 332, 333, 334, 338, 339, 340, 341, 342, 343, 344, 345, 346, 347, 348, 349, 350, 351, 352, 353]	experiments/e87_free_dimer_direct_c4/prepared/out_s2/ova_body_c4_03/seed-3_sample-3/ova_body_c4_03_seed-3_sample-3_summary_confidences.json	experiments/e87_free_dimer_direct_c4/prepared/out_s2/ova_body_c4_03/seed-3_sample-3/ova_body_c4_03_seed-3_sample-3_model.cif
ova_body_c4_03	seed-3_sample-4	4	0.23	0.4	82.44044050898577	nan	nan	0.26	0.0	4	4	1	0	173	173	0	0.19	0.19	18.119999999999997	"{""A-B"": 44, ""A-C"": 0, ""A-D"": 42, ""B-C"": 44, ""B-D"": 0, ""C-D"": 43}"	[95, 96, 97, 99, 101, 149, 152, 153, 155, 156, 182, 184, 188, 194, 195, 196, 197, 198, 204, 205, 206, 207, 208, 236, 237, 280, 336, 338, 339, 340, 342, 343, 344, 345, 346, 347, 350, 352, 355, 358]	experiments/e87_free_dimer_direct_c4/prepared/out_s2/ova_body_c4_03/seed-3_sample-4/ova_body_c4_03_seed-3_sample-4_summary_confidences.json	experiments/e87_free_dimer_direct_c4/prepared/out_s2/ova_body_c4_03/seed-3_sample-4/ova_body_c4_03_seed-3_sample-4_model.cif
